label,text
SAFE,"""💀DRAMA💀END TIMES💀SEASON FINALE💀EXTENDED CUT💀DIRRECTORS CUT💀PREMIUM VERSION💀DOUBLE DOUBLE💀PLATINUM RATED💀IMDB💀WORLD WINNER💀WOW💀"""
SAFE,"""Screen grey LMAO"""
SAFE,"""THE RETURN TO MONKEY ISLAND! - !BasementTour / !MobileApp - !PC"""
SAFE,"""CUSTOMS BLAST BALLS with CAS! CODE: XXJLR"""
MATURE,"""fortnite (dota soloq) !nord"""
SAFE,"""(DROPS) ICON SKIN GAMEPLAY - Season 4 Update | Use Code ""SypherPK"""""
SAFE,"""🕵️ SUBATHON UNCAPPED 🕵️ OR UNTIL MY VACATION TO THE USA IN A FEW WEEKS... SCAMATHON*** - !subathon !excel !discord !youtub"""
SAFE,"""yo, couldn't sleep"""
SAFE,"""NEW FORTNITE SEASON POGGERS DRAMA FREE XD"""
SAFE,"""💎 200% + $50 Deposit Bonus! 💎 Use Referral Link on Stream to Claim 💎"""
MATURE,"""I HECKING LOOOOOVE DRAMA BAAAAAAAAT | !socials !tiktok 🪐"""
SAFE,"""watching true sight"""
SAFE,"""📣 FRONTPAGE TODAY! | 🎸 Guitars and Cats 🐈 | !SUBtember !socials !merch !htr !music"""
SAFE,"""nAts | NEW !lineups | !viper !guide !tg !social !photo [RU/ENG]"""
SAFE,"""Going for Rank 1 | ALGS MVP | !advice !sens !Voltaic !settings !Revenant !Name | Twitter @HisWattson"""
SAFE,"""WZ"""
MATURE,"""IF I DONT LAUGH YOU GET BANNED #VSHOJO | !merch | !youtube | !senpaisquad"""
SAFE,"""#ProjectBeyond 40 Hour Countdown | Tune in 9.20.22 8AM PDT"""
SAFE,"""THE WARLORD IS BACK. SOLO QUEUE GIGACHAD GOD GAMING | !socials for updates | !Samsung !gameradvantage !Gfuel !exitlag"""
SAFE,"""[EN] ECSTATIC vs. SASHI | Main Swiss Stage Round 2 | Elisa Invitational Fall 2022"""
SAFE,"""XQC PARTY QUEUE REALLY? YES!!!!!! !birthday !coaching !youtube"""
SAFE,"""TOP20 CLIMB TO #1"""
SAFE,"""BEST 8KD  WARZONE PLAYER | !newvid !socials !donate !discord !subtember | 47 PR"""
SAFE,"""🎁!DROPS🎁 !GIVEAWAY LATER | 30 x !POLLTANKS @ 19:00 | !SUBtember | !Prime Loot | 20/09/2022"""
SAFE,""">: shoopaket is unwell, short stream | !socials !discord"""
SAFE,"""New and fresh video games :) - Soulstice"""
SAFE,"""devour cuz valorant is down"""
SAFE,"""🔴!Subathon Day 2🔴Lobby Legends Incoming! | !Firestone !Streamheroes"""
MATURE,"""6 DAYS LEFT - BREWFEST RUNS !youtube !guide"""
SAFE,"""535 Escapes In A Row Today!"""
MATURE,"""SEN sinatraa | val down we watching stuff i guess | !ads !discord !gorilla !nordvpn !newvid"""
MATURE,"""Trooper Snow | NoPixel | discord.gg/Snow"""
MATURE,"""18+│🔥 $3M (75) OPENING!🔥│ !GATES (4561X) FOR 2.3M$ HIT! │!CONNECT TO JOIN OUR MONTHLY 75,000$ GIVEAWAYS! │!RACE FOR $50.000 GIVEAWAY"""
SAFE,"""BACK ON RESURGENCE"""
SAFE,"""hi, you look good today ♥"""
MATURE,"""Chilling and Killing - !Labs | !Timmy | !Easymode | !Meta | !Surviving | !Lobbywipe | NEW !MERCH | !Health | !NordVPN"""
SAFE,"""LS | 25% WINRATE DUO -> LPLVoDS -> TIERLIST -> PATCH RUNDOWN -> BASED !12.18 !Patchnotes !clips !Coaching !Merch !Drafting !Patreon"""
SAFE,"""[Challenger] 746 LP start no end til 1k!!!!!!!  !youtube !newvid"""
SAFE,"""Namalsk - 12hr stream 2 w/ Muller. !subtember !pc !latest"""
MATURE,"""🔞 BONUS OPENING 73 | !SOCIALS"""
MATURE,"""time to give this Sandevistan a spin"""
SAFE,"""time to lose some elo | !subtember !tradeit !socials"""
MATURE,"""INTO THE BREACH vs ILLUMINAR 🔹 CCT Central Europe – Group Stage 🏆 Online Series 2"""
SAFE,"""💥💥UNKILLABLE JUGG ENDGAME ✅ MAVEN BELT ✅ DAMAGE IS 📈📈📈📈 GETTING CRIT SHIELD THEN POPPING OFF | !YT | !RIP4"""
MATURE,"""WZ2 WAITING ROOM | Code TEEP in COD Store #CODpartner | !guns | !mw2 | !wz2 | !socials | !subtember | !samsung | !ibp | !mavix |"""
MATURE,"""Nioh 2 DLC - More Casio grind after"""
SAFE,"""$400 2v2 wagers!!!"""
SAFE,"""Trials - Nvidia Showcase - More New World"""
SAFE,"""Woox - I'm Leaving RuneScape | Last Raid | ToA Solo"""
SAFE,"""TUESDAY RAIDS - All Kappa Requirements DONE - Just EXP to 55 Left - !Nord"""
MATURE,"""plateup duos with hafu"""
SAFE,"""✅Sniping is META? 120FPS ✅ M+KB✨!Deals !PCS !NewVideo !Discord @StodehTV"""
SAFE,"""Justin Bieber's ""Baby"" is a CERTIFIED HOOD CLASSIC, prove me wrong, I dare you."""
MATURE,"""🔥 !DROPS🔥M4 54 NO GOLD standard equipment no directives marking. it is very hard. not focusing on the chat. 3k gamer. !millionpugs !chair"""
SAFE,"""LANE KINGDOM SCORCH learn how to win lane like the best  | CHALL EUW"""
SAFE,"""🟢24/7🟢[FREEGAMES]Omega Strikers + Trivia, Giveaways, MiniGames"""
SAFE,"""FED decision TOMORROW  | !Kalshi !Alpha !Quiver !Coffee !freestocks"""
SAFE,"""Good Morning <3 |  Chill Tunes, Originals, Covers, LoFi Loops, Requests"""
SAFE,"""VS TOP PLAYERS with KILLER & SURVIVOR! !sellout for build <3 !AWxNvidia !nord !cryptotip #ad"""
SAFE,"""Live with Restream 21"""
SAFE,"""🟢!Quiz Show🟢HUGE CONTENT🟢EXCITING STUFF🟢COME WATCH QUICK🟢| Day 723"""
SAFE,"""💥NUCLEAR DRAMA💥BAN LIST FOR SURE💥SPELLBOOKS TODAY💥ELDEN RING💥SUBATHON CLIP REVIEW💥"""
SAFE,"""!WOTLK - !BETA KEYS DF BETA ALL TANKS WEEK LVL 70 SERVER | !ADV CODE ""TOWEL"" | !GUNNAR !ORIGIN |"""
SAFE,"""NEW !DUNGEON + Raid !Boss ✅"""
SAFE,"""Season 10 - Playins 🔴 Worlds Rebroadcast S1-11 | 42 Days (24/7) of LoL Worlds till 2022 Worlds"""
MATURE,"""Today I will stream on twitch.tv Clueless"""
SAFE,"""viewer blitz !arena - !socials !perpetualchess"""
SAFE,"""SLEEPY TIME LAST NIGHT??? 1 MONTH SUBATHON | !socials !merch !wheel !opwheel !subgoal"""
SAFE,"""TEUTONIC HORDE! ALSO !video"""
SAFE,"""Dragonflight Beta Giveaways! -> !beta - Beta Dungeons #WoW_Partner #Dragonflight"""
SAFE,"""💥 THE COMEUP 💥 | Raymond Romanov | NoPixel WL | R.U.S.T. Leader | !SUBTEMBER ❤️ !factor #ad"""
MATURE,"""im weak for femboys | !gg"""
SAFE,"""DK GAMING - BREWFEST! - Firemaw Sunwell on Warrior!? | !vods !GUIDE for Leveling addon !proc"""
MATURE,"""FLIPPPY | SileNt Live on !youtube | !subtember"""
SAFE,"""Playing Knock Off FIFA Games"""
MATURE,"""bao bedge no raid pls !factor !merch"""
SAFE,"""🔴DROPS+🔴8+ Hours stream🔴 !yt RUS/ENG"""
SAFE,"""4HEAD | GG | NoPixel WL"""
SAFE,"""master King's Fall TODAY"""
MATURE,"""INDIE HORROR: SCP Secret Files"""
MATURE,"""LAST PART OF THE GAME COME FAST NVIDIA AFTER  | !waterdrop !nord"""
SAFE,"""Russian Gaz 24\7 1.44EUR\Month"""
MATURE,"""we rusty | !discord !settings !newvid"""
MATURE,"""Arcane Watchalong ep4-6 | I AM NEW GOD GAMER | !displate !gtomega"""
SAFE,"""Not Starving w/ Zizaran :^)"""
SAFE,"""// >2 WEEKS TO CHALLENGER, CAN WIN? //   // Y/Y //      !vv2patreon !s12guide !ads"""
MATURE,"""🎁*NEW* !DROPS🎁 Gaming | !EBRrace this weekend |!prime !millionpugs"""
SAFE,"""SCARLETT SKYE NoPixel 3.69"""
SAFE,"""FIFA 22 Man Utd Career Mode with Goldbridge"""
SAFE,"""Revisiting the defect:) 50 Games of Defect:D 3-0"""
SAFE,"""HAFU - plateup!"""
SAFE,"""#1 Duo Wins in Zero Build | Son & Dad Duos | !vBucks"""
MATURE,"""🤯BIG BUYS & HIGHROLL W OGGE 🤯 - NEW €5000 !GIVEAWAY UP! 💎WWW.ABOUTSLOTS.COM - !LINKS & !EXCLUSIVE FOR ALL OFFERS!"""
MATURE,"""Slowly descending to morning (!sept !ibp) Follow @Mrgrimmmmz Socials"""
SAFE,"""TSM FTX Numot | THE GOLDEN GOD DRAFTER IS HERE - LET'S GET IT | New Daily !youtube"""
SAFE,"""hello challenger gamer here restored and replenished !u.gg"""
SAFE,"""rank 1 today?"""
SAFE,"""Twitch today..... ""The Escalation of Drama to Scams to Felonies"" !twitter"""
SAFE,"""Rambunctiously Early Stream! | !LastVid | !Socials: CDNThe3rd"""
MATURE,"""F2Pain Dailies -> CN RACE CAR GACHA | !keys Gold Nucleus Giveaway | Ask Me Questions | !server !relic !tl !beacon !movement"""
SAFE,"""Tone-Deaf Tuesday - T8 Cruiser Brawls? | !tdt !clips"""
MATURE,"""🔥💦18+ HOT KITTY IN POOL💦 !s !d"""
SAFE,"""Dance pad LVL 1 challenge run! | Sweaty Spaghetti | !run !bosses"""
SAFE,"""drama is love drama is life need more drama please give me drama !nord !azarus"""
SAFE,"""💎 $100,000 Giveaway ➡ !100k 💎 INSANE $50,000 JUICER BONUS HUNT 💎 ➡ Win a Lambo: !free !points (18+)"""
SAFE,"""Continuing Don't Starve /w Steelmage! | !LEmp !torchlight !Youtube !Builds"""
SAFE,"""WOTLK PRE-PATCH - Gearing FRESH Death Knight world tour. - !Tiger !Raptor !Thoridal1-3 !Glaive1-4 !Naxx !YouTube !Discord"""
SAFE,"""I PULL UP"""
MATURE,"""TOMMY VS.FABIAN - CLASH OF THE GODS"""
SAFE,"""Uncapped !Scamathon Day 20th | Patar Bellosh | MDM | No Pixel | [2x Time] | Spicy Day! What Did I Miss 0.o!"""
SAFE,"""Random Map Challenge & WIN Challenge today??"""
SAFE,"""tft n stuff  | !yt  !DF !Throat !lucky !egg"""
SAFE,"""Rev Cave Pking! :) | !YouTube | !discord | @DinoxxOsrs"""
SAFE,"""TL Honda Santorin - Full time streamer for a couple of months (Day 5)"""
SAFE,"""6'1 DEMIGOD GUARD BUILD GOES ON A BIG STREAK| !build !jumpshot !twitter !ig"""
MATURE,"""[Drop] !Bracelet !Kakul !Commands"""
SAFE,"""70 ON RETRIBUTION TONIGHT"""
SAFE,"""I'm not late, i promise. (!Youtube !Clan !Skin !Allstar !schedule)"""
MATURE,"""🎰🎲 18+ | LIVE NOW! | LOVE OR HATE TUESDAYS? | NOW: COOLDOWN SPINS FOR THE MAX MAX | discord !xiest"""
MATURE,"""coffeh time 🧡 later: 9 pm #ad hello fresh cooking stream! 🧡 !subscribe !schedule"""
SAFE,"""🔥 playing wotlk while twitch is burning down  🔥 - this is fine  🔥"""
SAFE,"""carryin 2 dads in ranked | practicing horizon. call me munch no chaotic | !podcast !discord !ctourney"""
SAFE,"""LP BANK FROZE NEED LP LOAN ASAP  !twitter !discord"""
SAFE,"""🔥TASTY TUESDAY WITH CHEF GRANT AND NICKYCHOPZ 9/19/2022"""
SAFE,"""HUGE gratz to stormy and all of entity <3"""
SAFE,"""TSMBreaK | Cyberpunk | !intel #ad | !Subtember | !pcs | !Huel |"""
SAFE,"""Pummel Party w/Hydra Gang"""
SAFE,"""GOOODDD MORNING CHAT!!! !discord"""
SAFE,"""MW2 META ✔️ SLIDE CANCEL IS BACK✔️ | !follow !YouTube !discord !Slapathy | Content Creator for LA Guerrillas"""
SAFE,"""CHAMPIONSHIP SURVIVAL with Bath City - Season 9 !FM23"""
MATURE,"""UNCAPPED SUBATHON DAY 2 | !MANDEM !SUBATHON"""
MATURE,"""rare cam stream | S4 UI updated | !coaching"""
SAFE,"""Patch Day! !Giveaway !HBOMax"""
MATURE,"""Tekken 8 Waiting Room !merch"""
MATURE,"""🍑CUTE BIKINIS💦!s"""
SAFE,"""Wallhalla Quarterfinals at 15:00 GMT - then Redbull Wololo !Extra Decider (marathon Stream) - !subtember !VPN !redbull !streak !nextevent"""
SAFE,"""Wotlk Race to 80 Prep <ECHO> !GDKP to join for Wotlk | !Socials | !Displate"""
SAFE,"""C9 Cris #1 SoloQ New !Tierlist | !Subtember | Daily Videos on !Youtube ~Join my !Discord"""
MATURE,"""Hardcore Vanilla Minecraft 1.19.2  !Today - 772"""
SAFE,"""gaming / omega strikers later"""
SAFE,"""PATCH DAY WITH VINCE! !vince !justvince"""
SAFE,"""first butt rank"""
SAFE,"""Thou shalt only eat PIES! [Hermitcraft SMP]"""
SAFE,"""💥 TRAMPOLINE STREAM ROOM 💥 DAY 16 UNCAPPED SUBATHON 💥 !subathon !wall !subgoals 💥"""
SAFE,"""BETA!           #SUBtember up to 30% off!"""
SAFE,"""DROPS, Giveaways, !builds and coffee!"""
SAFE,"""DRAMA 2?? IT HAPPENED AGAIN OH NO | NoPixel | !subtember | !socials"""
MATURE,"""The Live Stream | 9-19-22"""
MATURE,"""Rerun👅❤️ASMR LOVE AND SLEEP ❤️👅NEW MICS! !S for Links ❤️   | EN + FR | New Video !YT"""
SAFE,"""SNEAKS & STEALS + OBSIDIAN 6PK (!giveaway) (!hellofresh) (!banana) (!coffee)"""
SAFE,"""omega stri"""
SAFE,"""NOT SSL (JAW-DROPPING) (GG) (WOW) (SNOWDAY PRODIGY??)"""
MATURE,"""NEW WEEK I GIV YOUJUICY VIBESS"""
SAFE,"""Chat Decides 1st Magic Challenge Run | !HireOrFire Me From Twitch"""
MATURE,"""finishing ds3 (✿ =‿‿=) !nordvpn"""
SAFE,"""🇺🇦 ☮︎ ❤️ | Otters. A pool cold as ice. And you. Think about it. 🌊 Ocean Sounds ASMR."""
MATURE,"""COME CUDDLE IN BED WITH ME~ #SLEEPOVER || !socials !ADV"""
SAFE,"""⚠ MIDORI FULL FOCUS AUTHOR HUNT⚠ - !athunt"""
SAFE,"""KiddTV 9.20.22"""
MATURE,"""Tommy Cruizer I NoPixel I MDMA I Baby Oil King I Racing Again?"""
SAFE,"""!Halloween | !60 | !Huel for BIIG Giveaway | PTR BRIIIIMMMSSTTTOONNEE!!"""
SAFE,"""🇹🇭PATTAYA /TTS/2$-100bits !phuket :  -  [eng/ไทย]"""
SAFE,"""DINKUM! w/ Duncan, Boba, Pedguin & Ravs!"""
SAFE,"""[Modern]  Elves are taking over the stream!"""
SAFE,"""🐒NEW MONKEY ISLAND🏝️ (Return to Monkey Island) Thanks Devolver for the Key!"""
SAFE,"""⭐NEW !DROPS⭐FV215b 100% Run + 20 Gift Sub 100% RACE with Machine Gun 13 57 vs Scorpiany!⭐!millionpugs | !SUBtember | !Store | !yt | !insta"""
MATURE,"""SOLO GRINDING | !yt !twitter"""
MATURE,"""ass rank :P | !vid !corsair !keyboard"""
SAFE,"""Matthew Hackerman-tov | MDMA | FLEECA CERTIFIED | No Pixel WL | !discord !yt !clips !socials"""
SAFE,"""rat duo"""
MATURE,"""[Hitless] 7 FROMSOFT GAMES BACK -> BACK | The God Run 3 | [Day 71]: Help Please!| !gr3+ | !Nord | !playlist"""
SAFE,"""🎉 WIRTUAL 1V1 NOW - BIRTHDAY STREAM🎉 !clips !map"""
SAFE,"""[RERUN] Tue: few games AoE4, then Dota 2 - P to Z PauZed !whynotaz"""
SAFE,"""SEASON 4 ZERO BUILD SOLOS | FINISHED #4 IN THE WORLD LAST SEASON"""
MATURE,"""EU RADIANT = NA DIAMOND"""
MATURE,"""what do i play? !Ghost !podcast !cod"""
SAFE,"""ITaX Pro Circuit Final Day ~ !bracket !matcherino"""
SAFE,"""Good morning :) - !newvid !prime"""
SAFE,"""2v2 wagers - @Tommey | 100Thieves"""
SAFE,"""Willjum's Solo Rust adventure..."""
MATURE,"""IM BACK :D TARK + $4500 !GIVEAWAY | !huel !advancedgg !Factor"""
SAFE,"""FREE TRIALS CONTENT"""
SAFE,"""Why watch Gambling streams when...you can gamba on my runs ^^ | !greenchef"""
SAFE,"""🔴 SIEGE CASTLE GAMING | !gfuel | !charm |"""
SAFE,"""Coffee with MarkZ 09/20/2022"""
SAFE,"""🥵 LEATHER leggings??? | Hello\Merhaba\Hola and everyone is welcome here😍"""
SAFE,"""Rookie To Masters Vantage Only (1 Stream) !exitlag !coaching !newvid"""
SAFE,"""[SCSSF] Doryani Champ online"""
SAFE,"""Day 4 SUBATHON | Games, Fun and Wowee !schedule !subathon"""
SAFE,"""Shark Fishing Florida! | !puppy !scr !GW !stingsilver !bigmoe !nomnom !itsover"""
SAFE,"""9.7k going for 10k! !youtube"""
SAFE,"""TIPS AND TRICKS TO WIN IN THE NEW SEASON - Use Code Upshall in the item shop #EpicPartner"""
MATURE,"""BONUS BUY TOURNAMENT NOW | ON-STREAM $5,000 !GIVEAWAY | !THECLUB - FREE $ FOR CHAT | !GATES FOR $131,000 HIT |💎 !STORE"""
MATURE,"""We are watching you offline raiders. !newvid !highlights !gamersupps !rustoria"""
SAFE,"""I AM BACK WITH MINECRAFT| !Cloak"""
SAFE,"""TG time?| !s !product"""
SAFE,"""Today seems like a skellige day"""
SAFE,"""[ENG] night strim a bit, morning again tmrw Okayge"""
SAFE,"""1800 TODAY OR SOMETHING BAD HAPPENS"""
SAFE,"""140mil Dark Pact Boss !Service runs | !Mirror !Nexus !Fractal"""
SAFE,"""FLAWLESS TRIALS (Flawless Pool)"""
SAFE,"""WIDE but flat. // @aatykon"""
SAFE,"""very family friendly streamer takes on the goats of solo arena at 9am in the morning | !socials !discord !newvid | Use Code “MUZ” #ad"""
MATURE,"""🔴Papi 18+ ⚠️🔴👋 !S !king !newvid  !SUBtember ( !youtube !gifters !topDono !biters ) #anime #uwu #cosplay #senpai -rr"""
MATURE,"""[1,080+HOUR SUB-A-THON] !SHiFTaTHON 📺 FAMILY GUY NO-HIT RUNS 🎺"""
SAFE,"""Crystal Clear | No Pixel"""
SAFE,"""Back from my slumber, ready to dominate the world"""
MATURE,"""-͜ - lvl95 Autobomber dungeons for gear - !Lastepoch - !endgame - !filter"""
SAFE,"""Ys 4 - PC Engine"""
SAFE,"""Explorer on Arena with !whotfisthatguy"""
SAFE,"""Bra Bar with my mum 📍Osaka! !socials !tokyotreats"""
SAFE,"""😳 MY THOUGHTS ON THE DRAMA (GONE WRONG) (HILARIOUS) 😲 🍓 !nzxt"""
SAFE,"""Coping for a Banlist today as usual | !youtube & !discord for more Yu-Gi-Oh!"""
SAFE,"""💚 LIVE ASMR 💚 I'll take care of you 💚 [ENG/FI] 💚"""
SAFE,"""Space Gas. New Toxoids DLC for Stellaris. Yup. | !store !sneak"""
SAFE,"""WHIPPED IT OUT LATE.. MY B  | !newvid !socials !lurk"""
SAFE,"""WEEI is LIVE right now! Talking all Boston sports and events. Join us!"""
SAFE,"""[EN/中文] 3DIO ASMR ♡ !throne !patreon"""
SAFE,"""cheeky bit of SIEGE"""
MATURE,"""WE ARE BACK #NSTG !YT !new !newyt"""
SAFE,"""hcssf noob help please!!! - !WRAITH !TOTALAV #AD"""
SAFE,"""LOFI 24/7 | STARFORGE BUILD @7PM CST | !website !song !art !emotes"""
MATURE,"""!merch Last stream before !srcolosseum , MMR/KH2/IronMON"""
MATURE,"""Jesse BBMC | ᛁᛟᚢ ᚺᚨᚢᛖ ᚾᛟ ᛁᛞᛖ ᚹᚺᚨᛏ ᚦᛁᛊ ᛗᛖᚾᛊ ᛒᚢᛏ ᛁᚠ ᛁᛟᚢ ᛞᛟ, ᛃᚢᛊᛏ ᛁᛞᛞᛊᛁᛏ  !Mailbox"""
MATURE,"""!frost⚡️ new XAKU Build??⚡️!protea !aoe !mag"""
SAFE,"""24 HOUR STREAM LEAKING EVERYTHING FOR 3000 SUBS| !backstory !subtember !discord"""
SAFE,"""""GSI GT-MAX 32"" stream premiere, you can preorder yours at !gsi or !shop"""
SAFE,"""💜 !s !donate !socials !rules !yt !instagram !socials !about #english #cutegirl"""
SAFE,"""THE TWITCH ARISTOCRACY IS AT WAR - CATCHING UP & COVERING THE LATEST UPDATES IN THE DEVELOPING DRAMA"""
SAFE,"""THE MOST INSANE PATCH WEEK //  SOLO MODE SOLAK, HUGE ZAMMY CHANGES, IRONS AND MAINS CAN GROUP TOGETHER // !hellofresh"""
SAFE,"""FOCUS WITH ME - use me as a screensaver - today u chose the music -> !dj | NEW VIDEO OUT !new | !waterdrop #ad"""
MATURE,"""KH Series Plat Speedrun! (Week Long non-stop Stream) !seriesplat !subgoal | !vid"""
MATURE,"""SMW Hacks//Resident evil village FINISH//crash bandicoot DAY 20 !subtember !timer !into"""
MATURE,"""The Last of Us: Part I | Grounded | PS5"""
MATURE,"""[New DLC Showcase] | New Players Welcome - 8000Hrs | !fractal !ads !subtember !drops !giveaway"""
SAFE,"""The Simpsons Hit & Run All Story Missions Speedruns"""
SAFE,"""NEW FORTNITE SEASON WOW | Mizkif, xQc, Slicker, Ice, Azmongold, Trainwrecks, wow wow wow"""
SAFE,"""Rank 1 and beyond today !discord !tierlist"""
SAFE,"""Streamer Drama Reaching Critical Levels | Jorkson Honkle Making The Rounds To OANN"""
SAFE,"""CLICK FOR GOOD LUCK !subtember"""
MATURE,"""🦊 Whats up party peopleeee ?!!!! | !merch !GG"""
SAFE,"""Road to 11k MMR - #ad SONY !inzone"""
SAFE,"""<Liquid> Geared DK (again) - Solo shuffle tourney next week !hellofresh"""
SAFE,"""🥉 Bronze To Mythic 🏆 !follow"""
SAFE,"""!SBCRobot PRICING TEAMS AND PREPARING WEB APP INVESTMENTS | 30% OFF DAILY FIFA 23 SUB TRADING GUIDE TILL 31"""
SAFE,"""DF Beta World Tour - Drowning Coffees, Resenting Morning.  UI Available for Subscribers"""
MATURE,"""⛵ Sloops Today... Biceps Tonight 💪 - TTS 200 🔵 !yt 🟡 !gdc 🔵 !weight 🟡"""
SAFE,"""11K+ Gaming"""
SAFE,"""[ twitch guest star alpha team collab w/ @sppurser ] !raid tutorials > 2 x $50 steam gift cards !giveaways @ completion ♡"""
SAFE,"""Coding For Netflix | Type Challenges"""
SAFE,"""woah"""
SAFE,""""""
MATURE,"""Uncapped Subathon D2: Mari McKay did an OOPS  |  No Pixel Whitelist | !subathon"""
SAFE,"""reclear but its reprog 🌸💧 !subtember | !merch !vpn"""
MATURE,"""Trying on my entire closet haha !socials"""
SAFE,"""GW2 on EU servers! Daily Stream #1579; Questions Welcome!"""
MATURE,"""🟩BEST REBIRTH PLAYER NA🟩   *MAX SENSITIVITY*"""
MATURE,"""Cool kids club !Goal !Vlog !Youtube !Socials !IG !Elgato"""
SAFE,"""PTR Solo Leveling 1-60 (fresh start waiting room) | !subtember | Like our community? Join our !discord"""
SAFE,"""<Overpeekers> solo squad hotdropping - vibing - quietboy"""
SAFE,"""Episode 256 | Mars' Guiding Hand | Idle Champions | D&D"""
SAFE,"""Top 30 Legend Climb"""
SAFE,"""↪ Rerun - Golden Sun: The Lost Age [Any% (No S&Q)] by TL_Plexa - #ESAWinter21"""
SAFE,"""WILL SHELTER ALL DANUCD REFUGEES !newvid"""
SAFE,"""imsa & pcup"""
MATURE,"""OTT - War Vs MG  #ad !hbomax !Party !NordVPN"""
MATURE,"""FANTA IS TUCKED | Subathon Day 5 | !sub !twitter"""
SAFE,"""New Build Time"""
MATURE,"""Good Morning Darlings! - LIVEEEE"""
MATURE,"""Minpojke 24x r1 - 6 DAYS LEFT/ NEW !UI Released! - Pre-Patch Arenas/Wrath Prep/Random Stuff!"""
SAFE,"""RERUN: BIG vs. FTW - Map 1 [Inferno] - ESL Pro League Season 16 - Group B"""
MATURE,"""!Wedding !kappa British Daddy Plays Tarkov! !1776 | !TikTok |"""
SAFE,"""WZ2 WAITING ROOM"""
SAFE,"""SPINNING WHEEL CHALLENGE WITH TWITCH STREAMERS SETTINGS !MERCH !VIDEO"""
MATURE,"""3000 € START - GARGAKEV 🤑💥  -   !3750x !info !giveaway 20/09 2022"""
MATURE,"""Stretch with me <3 !socials !subtember"""
MATURE,"""TOTW Reveals & Good Vibes Only !Underdog"""
SAFE,"""Wouldn't you like to be a duckie too?! 🦆"""
SAFE,"""LIVE Day Trading the stock market - September 20, 2022 | !VPN !youtube !discord !twitter !commands #ad"""
SAFE,"""poggies - !subtember !newvid"""
SAFE,"""TW OCTANE !GIVEAWAY TODAY | UNCAPPED !SUBATHON DAY 19 | !wheel !socials !hypetrain !incentives"""
SAFE,"""Covert Operations for the Golden Chest // !newvid // !gogold"""
SAFE,"""Timberborn :: Beavers, Wood & Bad Puns :: Follow @LowkoTV on Socials"""
SAFE,"""!DROPS👹1505+ Blade/SH/Arc !review !youtube !build !raid !sh"""
MATURE,"""18+ 🍀 $150.000 LIVE GAMES 🍀 !MEGA FOR $10.000 or 3 BTC"""
SAFE,"""734gs | Home from Korea -- Lets play some BDO | !Socials !debo !Huel"""
SAFE,"""DODGING OH&S FINES LEFT, RIGHT AND CENTRE 😎 💯 😵󠀂 😤 COME BUY A BURGER TO MAKE MY BUN BUST 😩 💦 💦 😏"""
MATURE,"""Trading / Learning - Crypto // Stonks // FX - TA //  +18 - NFA"""
SAFE,"""Construction Simulator – Launch Stream"""
SAFE,"""☘️ I Will Find You Killa... w/ Gingy☘️ !Sneak !yt || Subs: (5,960/6,969) Followers: (42,005/42,500)"""
SAFE,"""[UK] 6 Years on Twitch uncapped Subathon #2!   !youtube !merch"""
SAFE,"""Richard O'Conner | GG 😎 | Nopixel WL"""
SAFE,"""Esperanza Sur 24h"""
SAFE,"""Woolie | InFERRRRRNOOOOOOOOOO hahahahaHAAAA (!mods)"""
SAFE,"""OMEGALUL Strikers"""
SAFE,"""24/7 Stream of Classics from RiffTrax - the stars of classic MST3K!"""
SAFE,"""HELLO THERE :D"""
SAFE,"""Dwight Main go BRRRRR (P71) -  !ExpressVPN"""
SAFE,"""Hunting God Touched Monsters - !Deli strats !BV !song"""
SAFE,"""!Hellofresh #ad 24 HOUR! | !twitter !sub"""
SAFE,"""SIDEMEN REACTS > JUST DANCE > FALL GUYS CUSTOMS!"""
SAFE,"""TUESDAY MORNING COFFEE! #vinyl Live from studio"""
SAFE,"""🔴 𝙄'𝙈 𝙇𝙄𝙑𝙀 🔴 | 🍁 Welcoming The Season of Autumn  🍂 | 3𝑫𝒊𝒐 𝑩𝒊𝒏𝒂𝒖𝒓𝒂𝒍 | !𝙩𝙤𝙥𝙙𝙤𝙣𝙤 !𝙋𝙖𝙩𝙧𝙚𝙤𝙣"""
SAFE,"""Wake up, Mr. West, Mr. West, Mr. Fresh"""
SAFE,"""SUPER SUBATHON Day 4!!! WE'RE GOING STRONG STILL | !subathon !memecord"""
SAFE,"""We like to have fun here !HelloFresh !podcast !coaching !mud !pubs !lfg !mtoi"""
MATURE,"""Magic JohnSIN ISO | SUB FOR PSN ADD🏁!prime !sub SUB GOAL: 959/1000 | !build !yt !ig !newyt !twitter !tiktok !hueysin"""
MATURE,"""Short weekly raid strim"""
SAFE,"""Xtreme Onechunk Iron - 2000+ Sarachnis KC jar hunt // !visage !goals !rules"""
MATURE,"""operation: knackered egg"""
MATURE,"""Free !Trials Carries (Flawless Pool) // !prime !socials"""
SAFE,"""GAMING!!! | @nickrtfm on all socials"""
SAFE,"""back to EU - test"""
SAFE,"""🔴RANK 1 DREK'AR AND ASHER FORWARD ✅ TOP 50 GLOBAL ✅ (COACHING🤓) 24 HOUR STREAM? !discord"""
SAFE,"""Dragonflight Beta | TIMED 58-70 Dracthyr Evoker Leveling - Beta !Keys TOMORROW! | !socials"""
SAFE,""""""
SAFE,"""◄ THESS FISCHER ► TUNESDAY & Auction of Theo's art to help rescue Bali dogs! ♥ | 🎵 | !tart !liveset !track"""
SAFE,"""!Birthday Stream tomorrow at 11:00 CET !rgglist !vpn"""
MATURE,"""!Livedeal MARIO THEN MORE ZELDA !Tantrum"""
SAFE,"""[SSFSC] 99 Jugg RF - Lvl 100 Grind Begins. Grand Design Atlas Enjoyer. !SSF !Goals !RF !Discord"""
SAFE,"""[24/7 Live] Returning player finds out whats what.... - !OriginPC and !GeForce - LIVE 24/7 SINCE 2013"""
MATURE,"""🎁New DLC showcase & !giveaway🍞New Duo & SOLO !video🏷️Code: VOMBUZ !Hunt !GamerSupps !Keyboard !Merch⚡!SUBtember"""
SAFE,"""Top1 SLAYER | !socials !sneak | humbled by nothing ™"""
MATURE,"""[12 Hour] Watching Nvidia Event Soon, RE3R No Intro Inferno Derust Runs, !ads, !goal"""
MATURE,"""MAN ON THE MOON"""
SAFE,"""better than lofi - 24/7"""
SAFE,"""#1 horizon worldwide (don't look that up)"""
SAFE,"""Today we try the Main Acc! | #RazerStreamer ༼ つ ◕_◕ ༽つ | Huzzy"""
SAFE,"""9/20 ESPN Chicago"""
SAFE,"""IF I LAUGH THE VIDEO ENDS! (custom sound off) - !Twitter - !YLYL - !Sleepstream - !YT - !Discord - !Print"""
SAFE,"""PLAYING VIEWERS! | !join | aus/oce"""
SAFE,"""early grind (100 LEVELS BATTLEPASS) |  !Twitter !Newvid"""
SAFE,"""Amsterdam IRL - Bikes, Beers, Blunts & ME! Last week before SAN DIEGO! • !subtember !engage !sounds • Goal: TWITCHCON+MOM! • !outdoorIRL"""
MATURE,"""Lone, chill streamer appears. !newvid"""
SAFE,"""Day 6 - Tuesday / MU.BLESS.GS - MEGA x100 / hector - conquering the Rankings / active gameplay - quests, farming, q&a"""
SAFE,"""[BlueBirdRP] ""The Baddest Man In The City"" (3443/3450) ROAD TO 4000 SUBS"""
SAFE,"""BIKINI WORKOUTS AND GAMING.. SUBS = SQUATS AND SNAPCHAT ... !raid !links"""
SAFE,"""!newvideo sliding back into addiction with New World PTR"""
SAFE,"""IT ALL ENDED 🔥 | !merch | @2angrygamers"""
SAFE,"""DROPS ON | HIGH ISLE GIVEAWAYS - COLLECTORS EDITION | THE WARRIOR"""
SAFE,"""Derusting"""
SAFE,"""THANK YOU FOR 10K FOLLOWERS ٩(⊙‿⊙)۶ [DROPS ENABLED]"""
SAFE,"""We Might Not Even Chop Today TBH ▫ Empires S2 ▫ Minecraft 1.19 SMP"""
SAFE,"""(6,000+ Wins) Iron Trials Vibes | !Hellofresh"""
SAFE,"""Live Thursday 9PM Cest !schedule !socials"""
SAFE,"""⚠️#WORLDSWITHFANS SUCCESS⚠️NEW PATCH⚠️GOING CRAZY IN MID WOWOW⚠️ !youtube !gems"""
SAFE,"""<Cbx> Raiku! DF /wotlk /retail"""
SAFE,"""short eu stream"""
MATURE,"""CLIMBING HIGHER THAN A KOALA ON A TUESDAY"""
SAFE,"""Ascendancy Brawl day 2 !episode3 !brawl"""
SAFE,"""getting out of lvl 3 :) || !cph !socials !junkyard"""
MATURE,"""Update 6 EA Is Here!  !newsaves New Tier2 & 3 Alerts! | !Patreon | !hellofresh"""
SAFE,"""Bought no Rico  #Ad !dragonflight !sneak !subtember"""
SAFE,"""Bangkok 🇹🇭 - Street life nighttime | !yt !s !m | ENG/ไทย"""
SAFE,"""RP is cringe, League is the next big thing | !discord"""
SAFE,"""247 Poker Brought to you by PokerStars"""
SAFE,"""[Chilling] STALKER Anomaly /w GAMMA modpack //// !anomaly !gamma"""
MATURE,"""🔴Xqc and Hasan weigh in on a fracturing of the universe to rival the big bang🔴"""
SAFE,"""670 the Score 9/20/22"""
SAFE,"""Salty's Dream Cast Casino! Place your bets at www.saltybet.com"""
SAFE,"""✨ UNCAPPED SUBATHON ✨ day 4 ✨ singing~"""
MATURE,"""hello there✨!socials"""
SAFE,"""Genius at work, dont disturb"""
MATURE,"""🔴 UNLIMITED !SUBATHON PART 4 🔴 TWITCH DROPS & BILLY COMING SOON 🔴 !ROGUE"""
MATURE,"""BOB YOUR LEG !discord"""
SAFE,"""back on grinding #day 19 !Yakkr"""
SAFE,"""Donkey Cam"""
SAFE,""""""
MATURE,"""DAMN SEPTEMBER DRAMA 💀💀"""
SAFE,"""✨YONE IN TWO DAYS✨so much to talk about"""
SAFE,"""OpenTTD Longplay: Creating a prosperous Hansa"""
SAFE,"""TOTW REVEALS | !letshang !discord !market !merch !ballpit | Welcome to the Ballpit!"""
MATURE,"""Jack Kettlmen | Wildrp"""
SAFE,"""Here's exactly what I think of Zafarcakes | Cheap subs! | Quality content, etc"""
SAFE,"""LoL European Circuit. Damage Dealers vs Meta Destroyers (1- 1)"""
SAFE,"""radiant ranked - 600 RR"""
SAFE,"""Ez Katka vs IVY | European Pro League S3 | BO3 | Group Stage Day 3 | by Igvic"""
MATURE,"""Moadmoad - #2 TGP - high M+"""
SAFE,"""Wake up and swear"""
SAFE,"""NoPixel WL | Captain Angel | !discord !merch !links"""
SAFE,"""(LVL56) Bigbird and Knoot can SUGMA! oh and Gingy"""
SAFE,"""🔴 !charm Are You Oryx? Because I Don't Mind You Hanging Around | !Charm !NewVideo !Merch"""
SAFE,"""HARD MACHINE 94%x2, 92%x2 (300 Shaloms) -- !94 -- !ads -- !bfg #518"""
MATURE,"""#AD Age of Sorcery Update is out Now.. Day 2 || !Conan (No Spoilers)"""
SAFE,"""YAKUZA GAME before Trip to KOREA🇰🇷 !NORDVPN !MERCH !SOCIALS"""
SAFE,"""XTEAM vs Dynamo Eclot - ESEA Advanced S42 PLAYOFFS [Round 1] - !bracket !maps !merch !socials !hltv !caster"""
MATURE,"""KILLER MOSTLY | #7 MORI'S: WORLD | DEVOTION 47/TOP MMR/11,000+ HOURS/UNTILTABLE | !ROGUE !SOCIALS | RETURN STREAM  #deadbydaylightpartner"""
SAFE,"""NaToSaphiX - 4300 ELO Duo-Q w/ Simon"""
SAFE,"""ᴡᴏᴅᴏᴡ (╯°□°)╯︵ ┻━┻ | !subtember !prime !emotes"""
SAFE,"""!everyplate [ENG/日本語] DRAMA WOAH with Mande and Zeroplus | !yt !7tv !org !merch | SZ_Thekine \ (•◡•) / |"""
SAFE,"""MUT H2H (TRYING OFFENSES) DEFENSIVE EBOOK THIS WEEK !Sub"""
MATURE,"""TOURNAMENT !Kaizo Ironmon  !discord"""
SAFE,"""Morning stream?? !sub !discord !ebook !yt"""
SAFE,"""Noble w/ NATHAN - USE CODE BIGARCH #AD !twitter !org"""
MATURE,"""LOBA HEIRLOOM COUNTDOWN !SOCIALS !YT"""
SAFE,"""NEW SEASON GRINDING! OCE TRIO ARENA W PWR WORTHY | USE CODE ""DALE"" #ad | !discord"""
SAFE,"""#1 SETT! Skin Reveal Today? !guide !HelloFresh"""
SAFE,"""short ranked stream before game changers :Þ  | NEW !yt !tiktok !waterdrop !vpn"""
SAFE,"""COMP STAGE 10K *NEW BUILD VID OUT*  !sub !prime !build"""
MATURE,"""TURNAROUND TUESDAY"""
SAFE,"""Last day of Beta :( | Fantasy Warzone Reidboyy exclusive contest (FREE)-> !Kolosseum | Use Code Reid on !Scuf | !SUBtember | #StenchSquad"""
MATURE,"""Peepo Sleepo | UNCAPPED Sub-A-Thon! DAY 11 FINAL DAY COPIUM | !socials !discord !expressvpn"""
SAFE,"""[DROPS] FINISHING UP RAID WEEK AND LEVELING NEW STRIKER <METHOD> !23 !today"""
SAFE,"""Day Trading Options!"""
SAFE,"""Updated ""God Squad"" video recording! | !agenda !Youtube"""
MATURE,"""HURRY UP IM STREAMING (a simple play of words alluding to the album hurry up, we're dreaming by m83)"""
SAFE,"""[Ex-GM Supp] Playing Enchantresses today because you bottoms refuse to play anything else it seems. !genshinrolls !primesub"""
SAFE,"""Spicy in District 10 RP!  💗💗"""
MATURE,"""NEW BOOBA OUTFIT ♥"""
SAFE,"""🚨WOAH!💦HER🐞LONG SKIN TIGHT💦PANTS🍓SHOWED✂️HER😩HEAVING🍓LOAFS🚨MILK🚨(😩FEET😩)(🍓COPE🍓MOANED🍓SOAKED😩GOOD😩IN😩MY😩WET CORN)🚨PARTS"""
MATURE,"""PUBG Console Protector !subtember"""
MATURE,"""JUNGLE BOOK BLIND PLAYTHROUGH -- UNCAPPED SUBATHON DAY 18 -- !timer !schedule"""
SAFE,"""iron - aight i said it its just she gets carried🛍️👑by the knights👑😂and she giggles and noodles her way through the whole game😂💯♡ !tob2"""
MATURE,"""🥊 30 WINS IN A ROW NEW WR + 500+ WINS LAUNCH/BETA | EPIC CODE SETTANNO | #1 INTERACTIVE CHAT | NEW/EXP WELCOME | !youtube !discord !vpn"""
SAFE,"""THIS IS THE END THIS IS THE END THIS IS THE END THIS IS THE END THIS IS THE END THIS IS THE END THIS IS THE END THIS IS THE END THIS IS THE"""
SAFE,"""40T Tanker International truckdriver POV - Driving in Belgium"""
SAFE,"""3300 DAYS Half Hearted Hardcore | PROGRESS DAY | !hhh !rt"""
MATURE,"""New Week more climbing with chat YEP"""
SAFE,"""💋ASMR Be back soon XD!💋 !s for links !RR"""
SAFE,"""Season 18 Power Level Grin....DING"""
SAFE,"""touring YOUR builds!🏠 | !tours !new !bloom !instagram !youtube"""
SAFE,"""(18+) HUGE 4500 DOLLARS HUNT! dmcashout.com !website !twitter !giveaway !channel !english !start !casino"""
MATURE,"""35+ Hour Stream for 240 Come Support!"""
MATURE,"""(Official PvP) New Fob who dis? Gen1 PvP"""
SAFE,"""!video - VERIFIED FULL TIME VIDEO GAMER ON GAMING PLATFORM TWITCH.TV"""
SAFE,"""🌷Windwaker Day 8 (Firstplaythrough)✨ !yt !throne @samoraeu on all socials!"""
SAFE,"""RERUN: Joycon Doubles - Smash Ultimate Summit 5 Side Event"""
SAFE,"""SHINY HUNTING GOLETT then DYNAMAX ADVENTURES WITH CHAT!!! !spooktember"""
MATURE,"""Stream for hot & successful viewers. Mini set announcement waiting room?"""
SAFE,"""Top 5 NA, time to dominate EU // !decks !coaching"""
SAFE,"""🔴 shhhh..... | LOOKING FOR BUSINESS DEALS🔴"""
SAFE,"""BIRTHDAY !SUBATHON"""
SAFE,"""1288LP Rank 17 soloq | tryhard Riven gaming"""
SAFE,"""THE PATH (tm) | !hugshark !visit"""
SAFE,"""Educational Solo, and...WANDERING BOOKS?! Special !giveaway each day atm! | [Day 2072/3650] !sneak !charity"""
SAFE,"""Master Kings Fall @ Reset"""
SAFE,"""3rd round of the 1st leg of the 2022-2023 FIDE Women's Grand Prix !wgp !hosts"""
SAFE,"""[DROPS ON] WE BACK !creatorcode"""
SAFE,"""[VTUBER]☄️IM PLAYING A GAME ABOUT SPACE sort of☄️ [!twitter] [!discord]"""
SAFE,"""24/7🎁MEGA DROPS🎁FREE GEMS,SKINS.STEAM GAMES.$CASH$ GIVEAWAYS Earn 1⭐ every minute !STARS !STORE !SKIN⭐I'M Live on Cam Daily Smite💖"""
MATURE,"""Ultimate Reset Axton Day 4 - Tubby Tuesday Edition !reset"""
SAFE,"""It’s been a while! Catching up!"""
SAFE,"""Blitz and puzzles to practice for Thursday | Starting Horizon Dawn later | !socials"""
SAFE,"""[MSFS] ✈️ LPPT-LPMA ✈️ | Final Stream Before Cyprus!"""
MATURE,"""Rankeds with the gals !! DAY 2 - VCT Qualifiers at 18:00."""
SAFE,"""Market Rug Pull Tomorrow?"""
MATURE,"""Flop Dugong | NoPixel | @ChrisTombstone_"""
SAFE,"""SEN ElevenZ - You Want To Play? Let's Play! 🥖 (i finally fixed my internet lmao)"""
SAFE,"""Lontar R1 3.7k Healer - Evoker practice on Beta -  !youtube !socials <Method>"""
SAFE,"""18+ GIVE ME MY MAX WIN NOW !socials !pobox"""
SAFE,"""TWITCH DRAMA !sneak !samson !wishlist"""
MATURE,"""😋 making Döner for boyfriend 😋!s !d"""
SAFE,"""Rank 1 BDK | Last time to get score for tyrannical! PUMP  | SUBtember?? + FRIDAY?! | WA from TGP is out! !wa  !coaching"""
MATURE,"""Ranked Washed up🎁 SUBtember 🎁  !MC !TikTok !Nordvpn !twitter !discord"""
SAFE,"""Movie Sign!  Circulate the stream!"""
MATURE,"""CYBERBALD 2077 4K ULTRA RAY TRACING SEXY TIME !BETA !ghost !podcast"""
SAFE,"""✨Study with me!✨ | Face coloured studies | Free portrait commission giveaway sunday!!!"""
SAFE,"""🌟\o/ !timber Chilling with the Iron Teeth and Update 2! #AD \o/🌟 || !patreon !yt !humble !podcast !ukraine"""
SAFE,"""Gauri Completing Viewer Bounties lichess.org"""
SAFE,"""Fenix A320 AirlineFlight™ with Gary! - London to Newcastle - EGLL->EGNT - SHT12W"""
SAFE,"""Moroccan Rap Music DJ XXX 24/7"""
SAFE,"""send help im losing my sanity dm discord for p2w !services"""
SAFE,"""KoKoTeyy is BACK! | Birthday 🎉 week |  Welkin every 27 min | 3K followers goal"""
SAFE,"""Retro Crossing!🕹️ ~City Folk/Let's Go To The City!~ Day 15! | TYPE → !YouTube ◽ !Subtember ◽ !Schedule ◽ !Discord"""
MATURE,"""Girl Pool Tube Compilation /Pool Best of   Girl Workout! Best of  the Beach and DeepHouse🌱 Best of DeepHouse 🌱 Sleep Relax Chill"""
MATURE,"""1 sub = 1 MMR on a split reset"""
MATURE,"""My Rta's + DM for p2w rta's !youtube !discord"""
SAFE,"""Coll !Log [1325/1430]"""
MATURE,"""350's - Cloudy with a chance of gaming | !Gameshows !Fang !Log !Goals !NewVid !FreeSub !Discord | @Ron_Plays_Games on socials"""
SAFE,"""⚠️ CAN WE BEAT THE GAME?! ⚠️💀"""
MATURE,"""<Echo> Finish culinarian? Finish EW role quests? Also sub goal kettle arrived!"""
SAFE,"""🔴 DRX [R1] Healer l GETTING SUM WOTLK PRAC 1v9 ARENA !Hero !Youtube !Gamivo"""
SAFE,"""Monkey Island 2 - A Classic #ReviewKey | !subtember !podcast"""
SAFE,"""making song with chat  !donogoal !discord"""
SAFE,"""Scripe <Echo> Story of Arthas and WOTLK | !wotlkpodcast !youtube"""
MATURE,"""Rental Rando's Pokemon Stadium! !YouTube !last !discord"""
MATURE,"""Enjoy the tingles! 🧡"""
MATURE,"""Recruiting Team Clover Week Ep. 649 !socials !discord"""
SAFE,"""🦁 TUESDAY STREAM! FOMC WEEK! 🦁 0% FEES ON BYBIT! 🦁 !DISCORD !TRADINGLITE !MEXC !BYBIT"""
MATURE,"""(: | !subtember | Twitter: @ModernzRDM"""
SAFE,"""UNCAPPED SUBATHON DAY 26!"""
SAFE,"""Chalice! Altar Orcs vs Fanjo Humans Ft. Misspelled Tree and Jackbull and Jimmy Something or Other"""
MATURE,"""OnlyMXC"""
SAFE,"""NEWS ABOUT ORG AND MOVE ?!?! RANKED + PRO SCRIMS WITH BOSH @6PM CEST"""
MATURE,"""(UK) 18 + | Let's Rock | Giveaway Today (for real) - Last day to enter! | !septgiveaway !addme"""
MATURE,"""P4000 Solo DH - !build"""
SAFE,"""Trusted Mode Off"""
SAFE,"""!subathon day five 🖤 Extend timer by subbing (up to 30 days) 🖤 !patreon"""
SAFE,"""me back from convention 🥱😎🐱😽😽😼 s3 ep 42"""
MATURE,"""#WoW_Partner | FINAL DAY DF Beta Key Giveaways | More great things coming for the people"""
SAFE,"""Challenger support like rank 10 and 15 no map cover come and ask and learn! :) !Yt !guide !coaching"""
SAFE,"""How many times do we need to get raided! !Twitter !Video !server"""
MATURE,"""Daily's! Still using !Moza"""
SAFE,"""Ranked Solo | Patchie? | 24/7 raid train - !raidtrain- !jingu"""
SAFE,"""ONE STEP BEFORE #1 ON LADDER || #BEEFORWOLOLO !cam !rank !wololo"""
SAFE,"""<Method> Short Arms DF stream :> !newvid"""
MATURE,"""WCOOP Leaderboard Points hunting / (18+)  !charity !mugs !buyins !leaderboar"""
SAFE,"""Live! PSG.LGD.Ame vs SMG.poloson & SMG.- ah fu - [9282 MMR Avg]"""
SAFE,"""IMPROMPTU TRAINING STREAM"""
MATURE,"""✨298 Shiny✨| Brasslands | Featured Streamer | !Giveaway | Pokémon Community Game !PCG | Stream Raiders !SR | !Eranza |@OvidiuZ94"""
MATURE,"""🥒PICKLEBACK🥒 | !TTS=100 | !coffee | OBS !CAPSTAN !giveaway"""
SAFE,"""LEC jg - yep"""
MATURE,"""Intergalactic, planetary - Day 6 l 177"""
SAFE,"""[7/7] Chill ~ 8h Music"""
SAFE,"""Canales Argentinos Gratis-> www.TVArgentinaHD.com"""
SAFE,"""Anxiety playing. Let's find some more blue orb fragments!!"""
SAFE,"""Becoming Giga Cult Leader 💩  ✦ First Playthrough ✦"""
SAFE,"""EMO MORNING"""
MATURE,"""Sr. Deputy Dark | NoPixel WL | !discord"""
SAFE,"""This is a test, don't click on this stream."""
SAFE,"""Non Stop Music - Monstercat TV  🎶"""
SAFE,"""Plating up with the missus"""
SAFE,"""500 Invocation | !invos !log !bonedagger !pet"""
MATURE,"""200NL Blitz: The Early Session | !ACR !YouTube"""
SAFE,"""VernFM Radio: 24/7 • happy beats to relax and study to • Pop • Lofi !youtube"""
MATURE,"""THE MORNING SHIFT | Pred Ranked with Enoch & Scrappy"""
SAFE,"""Irish☘️ FINDING FRIENDLY INTERACTIONS // 830/900 subs // !tiktok !yt !merch"""
MATURE,"""45K/80K words for my novel! Co-working focus! - !focus !tip"""
MATURE,"""💢 punting 💢 [18+] !natural8 !deep"""
SAFE,"""DOWN WITH PIERRE! DOWN WITH JOJA MART !challenge"""
SAFE,"""97.1 The Ticket Sports Radio"""
SAFE,"""✧⁺⁎Super Slayin'✧⁺⁎✧⁺⁎ !New YouTube ♡!2k ♡!Coffee ♡!Evasion ♡!Socials"""
SAFE,"""Joka vs Pakistan"""
MATURE,"""magic and farming?? count me in ✨ Wylde Flowers 💜 !wylde #ad"""
SAFE,"""Splatoon Vice World Champion on his Daily Training Routine"""
SAFE,"""$1500 for a level 80 character? Yes, it's real! Event launch - September 24!"""
MATURE,"""317 Days Longest Uncapped Subathon Live 24/7! !Hourslive !Record !Subathon !365"""
MATURE,"""Steven Hayes - ""How May I Take Your Order?"" - nopixel WL - !meta !discord"""
MATURE,"""sub 30 for sure today"""
SAFE,"""Occult > Learn Zulrah | !main !clan"""
SAFE,"""⭐ TIME FOR ARENA ⭐ | Join !discord to vote on birthday rewards soon!"""
SAFE,"""streaming 7h every day for A WHOLE YEAR (12/365) | !discord !whenmiami"""
SAFE,"""[WILD] yo can anyone lend me 12 wins? I'll pay you back double. !tts !7tv !discord"""
SAFE,"""Relax & Enjoy! | 24/7 Outdoor Cooking Videos by Fire Kitchen | !info"""
MATURE,"""New Chapter | Dog Arc Cancelled | Reed Dankleaf | Free Agent? | NoPixel WL !subtember"""
SAFE,"""24 HOUR STREAM | Drinks Every Hour | Everyone Welcome | CODE Coming Soon"""
SAFE,"""x3 Interlude on Classic Client !server No Dual Box, No Bot, No donate! USA,BRASIL,ARGENTINA,ASIA Proxy"""
SAFE,"""Retro Games TAS Marathon 🎮 Tool-Assisted Speedrun & Superplay Videos ⚙️"""
SAFE,"""chill RTA | !units !discord"""
SAFE,"""No Tits, Only Tats   ͡° ͜ʖ ͡°"""
MATURE,"""TOP 10 RADIANT SKYE/KAYO MAIN CHASING RANK 1 | !leaderboard !delay !newvideo !skyeguides !kayoguide !coaching | [ENG/SLO]"""
SAFE,"""#1 PLAYER WORLD WIDE. EX COD PROFESSIONAL. CLICK NOW!!"""
SAFE,"""14 DAYS TIL KIRIKO :D"""
MATURE,"""Music is LIFE! Almost 2K FOLLOWERS | !playlist  |  | !merch"""
SAFE,"""Nonstop 120 Star Speedruns !btr !nonstop"""
SAFE,"""[3DIO LIVE ASMR] Goddess  Comfy ASMR [VTuber EN/JP] !discord !youtube !donate"""
SAFE,"""GOLD Challenge - Empire of the Skies || !drops"""
MATURE,"""Twins Rework reveal soon?! | !WR !YT !RW"""
MATURE,"""what up"""
SAFE,"""writing mobafire guide :P"""
SAFE,"""3rd round of the 1st leg of the 2022-2023 FIDE Women's Grand Prix !wgp !hosts"""
SAFE,"""Crash 305% Speedrun (1,2,3 100%+) | !merch !league !youtube !twitter !discord"""
MATURE,"""🐣 STREAMATHON DAY 47 🐣"""
MATURE,"""🐍UN🐍DOS🐍TRES🐍CUATRO🐍ESSO🐍!adv"""
SAFE,"""Tlnovelas en directo-> www.TeleBlanca.com"""
SAFE,"""Dota 2 Custom Games | !rule0 !alex !teeth"""
SAFE,"""13k #4 EU -> #1 | Come Join !Twitter"""
SAFE,"""[drops on] big chills big thrills big kills || !STEELSERIES !GFUEL !CODE !PIA"""
SAFE,"""GUN GAME GUN GAME UPDATE SOON! | !setup !yumon !throw !tts !razer !igl"""
MATURE,"""Solo Namalsk adventure! Mission Lantia! New !youtube tonight!"""
SAFE,"""VALORANT IS DOWN!! 48 hr stream turns into 96 hr stream of pain <3 [Day 4/4] (stream has crashed twice)"""
SAFE,"""Mini Birb Paintings in Gouache // Birding the Feeder Cam"""
SAFE,"""!SUBtember Wc3 4v4 RT - Tomorrow Wed: SUBATHON DAY! 1 SUB = +5 Min"""
SAFE,"""[AUS] !MOVING SUBATHON - DAY 5 - I LOOOOOOVE VAPOREON !juicd !subathon"""
MATURE,"""🔴YO KING U GOT $2000???🔴|| Episode 2037 PAY BACK DOUBLE"""
SAFE,"""SUPER SEISO TIER LIST AND MORE ON DEBUT SUBATHON DAY 4 - T1/500 bits = 3 min"""
SAFE,"""​Watch The Fan as we broadcast live from our studios in Dallas. """
MATURE,"""THE PENITENT !giveaway 4 YEARS Subathon !drops - Crytek Partner Hunt !code - Team17 Content Creator -"""
SAFE,"""!Subathon time ~ Starting Torna DLC today! ~ !VPN !prints"""
SAFE,"""Tokyo ♡ Degen rewards art for next month ♡ !sr !gacha !yt"""
MATURE,"""🔴 LIVE 24/7 TRADING DUST ACCOUNT 🔴"""
SAFE,"""dailies, and then"""
SAFE,"""[DROPS] Day Streamer? What is this nonsense? | !subtember !cider #ad"""
MATURE,"""[AUS] Lets goooooo !pokestart !streamraiders"""
SAFE,"""SAKLA"""
SAFE,"""💜Sponsored Stream💜Living out my witch dreams✨!wyldeflowers !oooh !advgg !advancedgg"""
MATURE,"""!subtember | Pummel Party with Hydra Gang Bruh | #ad !raid | Pummel Party | !hydra !twitter !discord | Hydra Gang"""
SAFE,"""Games until servers back LT Matthew Espinoz - All the teaaa -  Nopixel WL - !pc !discord !twitter"""
SAFE,"""MW2/WZ2 THOUGHTS? IS GAMING BACK?  | #TTV #Dangerzone #Mustache #Gamer #TimeIn #Demon #Fact | !gfuel !prime"""
MATURE,"""Consistently inconsistent! | ((◕‸ ◕✿)"""
MATURE,"""♡⊹ coffee & serotonin⊹♡ !socials !merch"""
SAFE,"""Live 24/7 🌐🌎📶 By  Chele HD"""
SAFE,"""♡ Space gemlin tries her best to work on commissions! | Drawing and chatting ♡ ᕙ(`▿´)ᕗ ♡ !webcomic !socials  !raffle [ITA/ENG]"""
SAFE,"""9/20: Turnaround Tuesday?"""
SAFE,"""👀 visual asmr to melt your mind 🎵 chill & relax 🌲🔥💨 Lurk N twerk"""
SAFE,"""(AUS) Mega Farm!!  Twitch ANZ Grass Roots!!"""
SAFE,"""!BPL waiting room Unicorns rise up !fractal"""
SAFE,"""Andruwu | TikTok Phoenix guy is back in the UK >:D :andruwuWobble: | !bongocat"""
MATURE,"""!subathon DAY 4 uncapped - m+ & chill"""
MATURE,"""Not a family friendly stream !discord !twitter"""
MATURE,"""70 Stars 🗿 Keep it up! Don't stop being you! 🎉You truly are amazing! 🎉"""
SAFE,"""92.5 FM | Denver's Altitude Sports Radio | 9/20/22"""
MATURE,"""🎶Fresh sounds🎶 RP"""
SAFE,"""Arena today? ALMOST 40K BUNNIES! <3  |  Code JACQUE #ad !socials !vibe [New Sub Alerts"""
MATURE,"""I really like CORN!🚀LTI Centurion - Standalone Giveaway 🚀-!code !giveaway !discord !timer !wraith"""
MATURE,"""18+ | 🥩 $700 Bonus Hunt! 🥩 | !deal !multi !topmulti !discord !store"""
SAFE,"""New Namalsk Update | Duke's adventure | Day 210 | !newvid"""
SAFE,"""Enjoy the cooler weather with wolves and the pup !sonda | 2 days left for redwolf !t-shirt| !puppies !subtember !cams !donate !faq"""
SAFE,"""Top 20 yesterday b4 tragedy :( 2nd @ World Championship(50k) Free team !reviews !discord | Made 12k in 2 months !flip Use creator code: SPAM"""
SAFE,"""Omega Strikers: More Duos. Might try learning WASD today but honestly, MOBA reminds me of my roots. My horrible, horrible gaming roots."""
MATURE,"""🥺 chat said i'm not allowed to breed eygon of carim.. !challenge"""
SAFE,"""Backtesting Robot EA MT4/MT5 - اختبار روبوتات التداول الآلية"""
SAFE,"""Playing story game"""
SAFE,"""doin that thing where I climb | ITS SUBTEMBER! !sub| !newvid !YouTube | !coaching !podcast"""
MATURE,"""only for cool ppl"""
SAFE,"""Subtember !sneak !legion !setup Iceland to India - A Viking Saga: Crusader Kings 3"""
SAFE,"""SEA offlane rank games!!  ˶ᵔ ᵕ ᵔ˶ | !discord !spook !reel ♡"""
MATURE,"""New Players Welcome - !onlymans !landon !merch - VOTED #1 MOST HUMBLE TARKOV RIVALS CHAMPION"""
SAFE,"""Relax & Chill Beats -!trivia- -!hangman- -!scramble-"""
SAFE,"""MrMouton | React --> Then Risk w the mods?"""
MATURE,"""UNCAPPED SUBATHON! LETSGO !sleepcomms⭐!s⭐!subathon ⭐!insta !stickers !ttsgg !song"""
MATURE,"""day 16 24/7"""
MATURE,"""AUS- real talk - the internet was a mistake lel !vpn"""
SAFE,"""+18 (!donate) zone mode/muted day 1"""
SAFE,"""Mercury is in Microbraids"""
MATURE,"""NO MODS Longest Living Survivor Ever Streamed !rogue !broccoli !traits !guide"""
SAFE,"""PLZ LEMME GET ASC"""
MATURE,"""relaxing ASMR :3 🖤 rerun !s for links !discord !youtube 🖤"""
SAFE,"""WE RUMBLING AGAIN | K&M Duos | High Winrate | Use Code KANDM In-Game! #EpicPartner"""
MATURE,"""Final Table Replay - $1k World Championship of Razz with Commentary from pyefacepoker and Naigo | !pye !naigo | [18+]"""
SAFE,"""Chill Big Brain games 💙💛 ☆ 10% subs to charity"""
SAFE,""""""
SAFE,"""Lets The Crazy Release Schedules Begin! Morning XIV Before DioField Chronicle | !everyplate | !steelseries | !advgg"""
SAFE,"""🥵🥵 Hot Yoga 🥵🥵"""
SAFE,"""🎉UNCAPPED BIRTHDAY SUBATHON 🎉 [Day 2] !Subathon !Goals !Shirt"""
MATURE,"""Solo Title Basin/Manning Zoo Legendary l !youtube !donate !discord !rogue"""
SAFE,"""[No Mic] Hades - (17+ hour stream) - Building up Heat, completing prophecies, favors, farming Darkness, and dying (less and less dying)."""
SAFE,"""💖 You are loved 💖 !schedule !HG !NEW YouTube Video!  !affirmation"""
MATURE,"""what in the dares?! | !adv !social"""
SAFE,"""race to 100 crowns ʕ ˵• ₒ •˵ ʔ !wins !crowns"""
SAFE,"""LIVE SPORTS TALK RADIO — ESPN HOUSTON"""
SAFE,"""Coziest stream on Twitch ❤️"""
SAFE,"""best Fade in this house"""
MATURE,"""( ͡° ͜ʖ ͡°)OPENING Bonus HUNT GROUP/Kimppa New list !discord !linktree Useful link"""
SAFE,"""STUDY WITH ME FOR ~15 hours ✨ DEEP WORK with Harvard Study Daddy 📚 !discord !hhm !info !pomo"""
SAFE,"""BLIGHT 4K STREAK (50x Tourney wins) // !streak !config"""
SAFE,"""Boomkin Chad PoV - Brew Fest Achievements - WRATH IN 6 DAYS!?"""
SAFE,"""☕⚓Captain Crazy! Coffee, relaxation, and fun! || !rogue || !gxo || !anda || !drops || !merch⚓☕"""
MATURE,"""You are enough, end of discussion!✨ !subwars !reface !yt"""
SAFE,"""Low Sens, Mouse Cam ⎛⎝O⏝⏝O⎛⎝"""
SAFE,"""RERUN: TNC vs Lilgun Game 1 - DPC SEA Div 2: Summer Tour w/ Ares & Danog"""
MATURE,"""🔓UNCAPPED !SUBATHON - DAY 1🔓 Sleepin :) See you in the am"""
SAFE,"""Practice with team Eridanus!~ !socials [ENG/FIL]"""
SAFE,"""[ENG/ESP] Guaranteed Rewards☑️ The Army☑️ / !info / !hap / !rewards / !recompensas"""
MATURE,"""D3ATHW1R3 0NL1NE3 [Disney Rerun until 8am PST] - !nord - !throne"""
SAFE,"""#DeadByDaylightPartner | !GFUEL | !EPIC | !merch"""
SAFE,"""!DROPS THANK LORD ITS SUNDAY, AGAIN! WAIT ACTUALLY SUNDAY???"""
SAFE,"""GTA Premier RP 🕷👄🕷. LELELELELELELELE"""
MATURE,"""Oh Boy, Time To Play More Competitive [Beginner Friendly Teams with !beginnerteams and !youtube]"""
SAFE,"""learning the drums?? ♡ [vtuber] !discord !cosmania"""
SAFE,"""!plush StarCraft 64 | !N64 game 141/394"""
SAFE,"""Gamestop ($GME) Live 1-Second Chart - Tuesday September 20th, 2022"""
SAFE,"""Live One Piece Reactions Episodes 476 & 477"""
SAFE,"""ITSMY HOME | XTEAM WATCHPARTY !giveaway !newvid !insane !hellcase"""
SAFE,"""『 VTUBER 』S12 2x CHALLENGER MID/BOT ✧ league then omega strikers uwu ✧ !coaching !playlist !HelloFresh"""
SAFE,"""[Live 3DIO ASMR] Praise ASMR~ Have you been good today?"""
SAFE,"""[PS5] Hunter's Axe No Hit All Bosses"""
SAFE,"""【KYOTO】spontaneous birthday trip"""
SAFE,"""When life gives you Pea's, make lemonade while you win the game"""
SAFE,"""Thoughs on this 2k?"""
SAFE,"""SLIDE CANCEL IS BACK - MP5 is META | 2x WR HOLDER | !wr !sub !socials !discord"""
SAFE,"""Clarke Bishop | NoPixel WL | SBA Tings | !discord"""
MATURE,"""Keys /w Friends :) | Sjele <Method> !UI for Subs"""
SAFE,"""duo 500 attempts | 50/51 !pets !loot !invoc"""
SAFE,"""🐱 JUST CATTING - KITTEN LIVE STREAM 🐱"""
MATURE,"""🔴 I kissed a boy and i liked it~ | | (+𝟭𝟴) !throne  !mods !discord"""
SAFE,"""rank training"""
SAFE,"""Coffee and loops | trying my best"""
SAFE,"""WOTLK FIRE PVP | C9 Ziqo"""
MATURE,"""{STR#1066/#725 DAYZ-Str8}  ""SUN-RIZE GROOVEZ""  TUES AM The AM Edition 4-Da Grown & Sexy  R&B/HipHop & More 09/20/22"""
SAFE,""""""
SAFE,"""IRON AND MAINSCAPE PVM OMG IT'S HERE! SOLO SOLAK TOO! | !bis"""
MATURE,"""🦴 SUBATHON DAY ??? WITH YOUR NEKOMANCER ♡ 1MIN PER SUB"""
SAFE,"""NEW KILLER CHALLENGE! :)  !onlyfans !youtube !discord !twitter #intothefog #deadbydaylight #shirtmysurvivor"""
SAFE,"""40.000HRS DUO RUST IS SO FUN !ads !rustclash"""
SAFE,"""MEGA RAIDS, MEGA DPS, STRIKE MISSIONS! WOW EPIC INSANEeeaeeeEeeEeE !youtube !twitter !build"""
SAFE,"""🌸 LOOKING FOR TARZAAN 🌸  @Chimmtv on socials"""
SAFE,"""* Decide [VT.].. ✿ ˇ #MECH#WHATCITY #Scott #Talay #IHAVECPU"""
SAFE,"""☕ VAL WAITING ROOM | !ethical | !youtube | !tiktok | !raid"""
MATURE,"""Pïkachu Multi R1 Ret // WOTLK ret gaming"""
MATURE,"""Hey everyone! Playing for win"""
MATURE,"""[!first] Sonic 2 &Knuckles (ᴳᵉⁿᵉˢᶦˢ⁺ʳᵉᵗʳᵒᵗᶦⁿᵏ⁵ˣ)🦖!rhubarb !throne !treat🦕"""
MATURE,"""Dream game then tourney at 6, lobby after !subtember !discord"""
SAFE,"""UNCAPPED SUBATHON - $1 = 150 seconds || 1 sub = 420 seconds! -- COOKING, PLAYTHROUGHS, CRAFTS, MEMEs, Support in any way you can!"""
SAFE,"""#1 NA 14.2k | ok well !discord"""
MATURE,"""THROWBACK  TUESDAYS      SEP 20th 2022! DO REMEMBER October 29TH  INSIDIOUS X   TYPE !INSIDIOUS FOR TIX"""
SAFE,"""RISK! 🌞 early morning hangout 🌞"""
SAFE,"""Viewer games with !Kewnedragon (つ ◕౪◕)つ━☆ﾟ.*･｡ﾟ"""
SAFE,"""RANKED WITH DUCK // !patch"""
SAFE,"""CHAT GUESSER GOOD VIBES! [!cg] --> AMONG US!"""
MATURE,"""Nopixel WL | Sgt. Lea Nova | CPD Copium?"""
MATURE,"""🍀Gaming with Gibbon🍀!hardcore !newvid !sneak !keychain"""
SAFE,"""Sculpting Trophy / TwitchCon 2022 / Day 2"""
MATURE,""":( #RestoreSamobor !youtube"""
SAFE,"""Check the BIO for available content | !care !discord !info !links !request !rules"""
SAFE,"""<NOTA> Chill tuesday vibes!  !newvideo !felstriker  !questsheet !questroute"""
MATURE,"""I will Read anything you put on CHAT!!"""
MATURE,"""⚔️ Permadeath | 775+ mods | Day 1 | Chill stream | No fast travel | !mods !build !deathcount"""
MATURE,"""Partner! [24h] Keys w/chat -> Vault 💩-🧻  Viewer/Community Keys  🧻 !BLP(!dsl) Lurk enabled 🧻 Charmin-POV [NA]"""
SAFE,"""Actually attempting to play this game well | !Factor <--#ad | !Schedule !tiktok"""
SAFE,"""TRAPPY BURFFDAY SUBATHON ♥ Me ♥ $1 = 1 min (7 Day Cap) ♥ Commands: !tip !throne !treat !pillow"""
SAFE,"""NEW GAME! Soulstice - Day 1"""
SAFE,"""Fishing Florida | !slotsnook !wishlist !margate !double !pblm !karen !zsnook !gator !puffin !spit"""
SAFE,"""[4.6k peak] EDUCATIONAL PRACTICING FULL ASSASSIN STYLE HANZO| 6000+ hours of hanzo experience |meditation day 12"""
MATURE,"""🤑!WESPIN NOW🍒type !iPhone14🍒 to win a brand new Pro model || !LINKS to check out promo casinos || www.mr-gamble.com ||"""
SAFE,"""Solo Mage Leveling, Gathering and exploration on Fractured Online"""
SAFE,"""3 YEAR ANNIVERSARY SUBATHON (DAY 9) // Thanks 2K, Gearbox, Xidax & AdvancedGG! 100hr Special"""
SAFE,"""[!EXP] DOMINATING THE DLC w/ Dsmoove12  | !vpn | !socials | Tokyo, Japan"""
SAFE,"""BR (5-0) BR 23x Flawless! | !yt !yt2 !underdog"""
MATURE,"""18+ |Disney Emo Princess?! | ENG/JP"""
SAFE,"""The Sooooooul Train  | #RoadTo9000Followers !twitchawards !awards"""
MATURE,"""[AUS] BEAST Difficulty Gamer Beats | !gacha SALE + Emote Support"""
SAFE,"""[S+22 Ranked] Splasplaspla"""
MATURE,"""Rank 1 2v2 supes, time to get rank 1 1v1 . !commands (SWE&ENG&EU)"""
SAFE,"""Sharp and Benning"""
SAFE,"""Dick Chiclets | NoPixel WL | New !merch"""
MATURE,"""useless kiting part 9ß726?7635!"""
SAFE,"""DMU Drafts w/17lands all-time trophy leader. !tierlist !draftlab"""
SAFE,"""bedtime :) come sleep with me... uncapped subathon day 5 :) | !ask !wishlist !socials"""
MATURE,"""PERMADEATH, HELP 😈 !difficulty"""
SAFE,"""Glove slap, baby! Glove slap | PWV ranked !join | NEW !merch | !subtember"""
SAFE,"""UNCAPPED SUBATHON | PENNYWISE IN DISTRICT10 | !discord !D10 !voice !TTS | Road To Partner"""
MATURE,"""Sniffing out Killa for tracksuit! Come be bait for me. | !giveaway | !NEWVIDEO | !stince"""
SAFE,"""beta hpal testing | !married | !eu"""
SAFE,"""any% (PRKD) FOR TOP 10 | PARTNER GRIND | !partner !discord"""
SAFE,"""[MODERN Durdling] Controlling the Calamity !patreon (Day 257/365) | !wraith !yt !hoodie !365 !pb"""
SAFE,"""not gonna be active today. i’m meeting a girl (a real one who plays Pokemon Go) in half an hour (wouldn’t expect a lot of you to understand"""
MATURE,"""Plating up with my love // !discord !youtube"""
SAFE,"""LONGEST NO TOTEM HARDCORE WORLD >>>>>>>>>>>>>> 57/100 10 HOUR STREAMS"""
MATURE,"""HELL HARDCORE P8 DRUID SPEEDRUN | !p8druidwr"""
SAFE,"""🦍 Rustling Jimmies 🦍 SUBtember | !giveaway | !discord | !youtube |"""
MATURE,"""Sumoslap + Chokeslam is Anti-Meta :) | Type !rv for Rumbleverse Guide | Creator Code:  AutoMattock"""
SAFE,"""⠀"""
SAFE,"""Hey all! Solo Queue 1400 !youtube"""
MATURE,"""GP Portland 2016 - Modern - Pro Tour Coverage 24/7 - !Ukraine !list !Snap - Video ©Wizards of the Coast. Used with permission"""
SAFE,"""some games to destress !giveaway !vod"""
SAFE,"""The gates of destiny fling open, and once again you're left standing on pulsating nothingness. A strobing headache of the soul."""
SAFE,"""Offlyne // Radio Bjorn // !vpn !cafune !mecharena"""
SAFE,"""GETTING BACK CHALL KASSADIN GOGO"""
SAFE,"""Season 23 - League 1"""
SAFE,"""top 10 hardstuck : ("""
SAFE,"""Street food W/GUS !Letss Goooo | Saigon, Vietnam | !discord !donate"""
SAFE,"""Namalsk Oil Rig with Quinzi!"""
MATURE,"""☢️ DROPS ENABLED ☢️ SEASON 4 IS HERE ☢️ NEW WEAPONS AND POI's ☢️ ActingLikeTommy Long lost Son?!? !Ac7ionMan !heelmike"""
SAFE,""""""
SAFE,"""S Tier Gameplay & Vibes | !giveaway !milestone !subtember | !coach !fractal"""
MATURE,"""back from 3 day vacation with ms k"""
MATURE,"""1 BILLY MARBLE MONDAY'S and good times :) come chill <3!rules !RUNESTAKE !24hr !5pack"""
SAFE,"""SaltyTeemo: League of Legends"""
SAFE,"""Last Hours of the Beta! | Follow Dougisraw on all Socials"""
MATURE,"""[#1 GHOSTFACE] [8,200+ HRS] Ghosty Club is Now Open for Business :) | !subtember #IntoTheFog #ShirtMySurvivor"""
SAFE,"""FFTBattleground - Place your bets in chat!"""
MATURE,"""Click for cuddles"""
SAFE,"""what's the most money you've spent on a physical game? | !review !youtube"""
SAFE,"""Is This Game Dead? | twitter @CamstersTurnn"""
MATURE,"""Uprising: Arc investigations! Say hi :)"""
SAFE,"""Newsfirst Sri Lanka Live"""
SAFE,"""Casino 18+ Vibes | !subtember !freecash !rode"""
MATURE,"""🔴PC - Return to Monkey Island🔴 !social !merch - Thank you Devolver!"""
SAFE,"""professional wow player"""
SAFE,"""🟥 HUGE DRAMA 🟥 FINALLY GETTING INVOLVED 🟥 GAMING WARLORD DELIVERS 🟥"""
SAFE,"""100% RACE DISTANCE MY TEAM! !Assists !F1 !F1FAQ !Ai !Setups !Subtember !Prime Twitter: @ChesnoidGaming"""
SAFE,"""~ Music to p h o t o s y n t h e s i s e too ~ #House #Organice #Deep #Progressive"""
SAFE,"""It looks like we need some hours! !D4 HYPE!!!! !bogadile !chicken !helltooth !jade !maxroll"""
SAFE,"""RTX 40 Series Announcement! | !points for Ayaneo Air giveaway"""
MATURE,"""Isaac File 2 done! Taking a break. Fresh Gungeon Save. !B2B !YouTube"""
MATURE,"""Squad leading and stuff"""
SAFE,"""BO3 DMU Drafts !location| !newsletter | !metafy"""
MATURE,"""[AU] Returnal - Episode 10 THE FINALE | Blind Through !circles"""
SAFE,"""3x START Normal too Hell HC NO RIP"""
MATURE,"""💎SHE THE NEW NADIA?!💎 | !Twitter !Charm !Talon !Aimlab !GG"""
SAFE,"""MW2 BETA WATCHPARTY!"""
SAFE,"""MAXING NEW BUILD FOR LEGEND - ALL SUBS ADDED - GRIND 12/365 !legend !sub !prime !discord !subtember"""
MATURE,"""🔴 Partner Push | Denied For being Reactionary | News & Politics | !tip $3 TTS"""
SAFE,"""ALL MY FRIENDS ARE OFFLINE LET'S CHAT"""
MATURE,"""[BRITISH] PC Geoff - V4 RELEASE DATE CONFIRMED!"""
MATURE,"""Subathon Lets Go!  !Discord"""
MATURE,"""!JOIN| Exploring the dying world."""
MATURE,"""ACNH - Super Mario Odysseycore - Bringing The City To Life! !ti"""
SAFE,"""6'7 POINT FORWARD JAH RETURNS | 408/425 | !sub !prime !yt"""
SAFE,"""[ENG/ESP] - GANG GANG PVP 680"""
SAFE,"""Hot Day in Lisbon, Portugal 🔴 | !discord !socials !wishlist !patreon 🎀 TTS= 100 BITS/1€"""
SAFE,"""Gosu Musa ~ Chill music"""
MATURE,"""Modern warfare 2 beta"""
MATURE,"""I can finally play The Wandering Village!"""
MATURE,"""HAVOC vs VENGEANCE! Keys with viewers, Join the CHAOS!🔴!addons !guide"""
MATURE,"""🔴 Variety and Reacts | !socials !community !advanced"""
SAFE,"""Welcome! Great News To Share! - Tuesday Night Jams & Request's - !hts !sl !socials"""
SAFE,"""NVidia Presser and Construction Sim"""
MATURE,"""Grind Time! Tryhard qs with Dash (Xibalba Storm)"""
SAFE,"""Feed animals with bits and subs! Raccoons (night) Squirrels (day)"""
SAFE,"""Fishy Stream | !docket !goal !prime | MALF on Tuesday"""
MATURE,"""DAY 7 WE STRAPPED | !NET6 !ZOO !SOCIALS !TIKTOK !ZOOBOYZ"""
SAFE,"""💀DEAD BY DELA <---- !throne !Xtrfy  !socials !bloodhunt 💀"""
SAFE,"""Monday Cooldown | Tunes to Relax YOU | !turtles !maintank !babytank !music"""
MATURE,"""GAMING w/ COD CHAMP KYLO KEN | GOOD VIBES ONLY! - !youtube !commands"""
MATURE,"""Handstands! Later ELDEN RING - Sub to my !FAN !S"""
MATURE,"""AUS | Getting my first Destiny 2 Triumph Title | !links !discord"""
SAFE,"""[~9h] Harry Potter 3 (XBOX) Insane% Speedrun - 100%/Glitchless/Any% in a row !top 10"""
MATURE,"""🍀🍯 SUBATHON DAY 11 | !subathon !merch !rogue 18+"""
SAFE,"""Feed animals with bits and subs! Raccoons (night) Squirrels (day)"""
SAFE,"""Gettin Challenger in League Real Quick !comps"""
MATURE,"""✨ GAWRSH ✨ | 💜 Princess or Maid? 💜"""
MATURE,"""best popper oce | !tiktok !build"""
SAFE,"""Tennessee Titans get embarrassed by the Buffalo Bills - what's next? | Ramon & Will"""
MATURE,"""Modded: Caveopolis with ElphieCW #Xidikians"""
MATURE,"""<Eng> English-Tuesday mit rev3rend816"""
SAFE,"""Namalsk W/TheRunningManZ /Rd To 9k/ !Smoky !Wraith !Patch !YouTube (PC)(UK)"""
SAFE,"""Grinding For Chunks And A Little Ranked!  !FC !8ball <question>"""
SAFE,"""Rank 1 Pred (at being awesome) | 2nd ALGS Champs | 362/375 subs | !mouse !vid !fuse !maggie !aim Apex Legends English"""
SAFE,"""[VTUBER🐾]⭐️ DAY 19 ⭐️ UNCAPPED SUB-A-THON! - GIVEAWAYS ALL DAY LONG! | !discord !socials !merch"""
SAFE,""""""
MATURE,""""""
SAFE,"""Pepega the Sorcerer continues his slow first adventure"""
SAFE,"""Casual Tuesday Pokémon GO Grind!"""
SAFE,"""GGBet World League 2022"""
SAFE,"""Freedom Planet 2 Carol Speedrun Things"""
SAFE,"""🔥🥱  FIREPLACE VIBES 😴🔥"""
SAFE,"""UNCAPPED SUBATHON DAY 6 - !subgoals - Wii Sports Club Stamp / Plat Grind + MORE! (CURRENTLY TRAV DOING SUB1 STUFF) !TRAV"""
SAFE,"""I HAVEN'T PLAYED THIS SINCE THE WAR STARTED"""
SAFE,"""🔴 Relaxing Ear Licking 💤 💤💤"""
MATURE,"""Waiting for the VALORANT update"""
MATURE,"""✨M👁️rning✨ ||  !Socials  !Sub !Donate !Prime $3 TTS"""
SAFE,"""Chewsdayyyy !Subtember - !ExitLag (Code VWG20 for 20% off)"""
SAFE,"""Pros: RNG Breathe"""
MATURE,"""🌸(18+) [S02E90] Double ended fun! 🌸 Mute + Chill Vibes🌸 [ VTuber / ENVTuber ]"""
MATURE,"""DON'T SAY HI OR I WILL LOSE, I'M TOP 3 IN OCE"""
SAFE,"""Hi this is Oho"""
MATURE,"""finishin shrines & fightin ganon? | !discord !bs"""
SAFE,"""Yo we talking bout smb3? -> Tdad later"""
SAFE,"""HIGH LADDER"""
SAFE,"""ONLY WINS >: ("""
SAFE,"""[EUW/KOREA CHALL] 🚨🚨 SOON CHALL 🚨🚨 SO MUCH DRAMA 🚨🚨 I LIKE PENIS 🚨🚨 !challenge"""
SAFE,"""Lock some R1 keys for fun :))"""
SAFE,"""Lets go! | PUBG Console"""
SAFE,"""100% SPEEDRUNS FOR WORLD RECORD | !discord !clips !tiktok !2pSMG2"""
SAFE,"""I'm BACK BABY! | Clues Unluck my Map!? !rules !map !saetweet"""
MATURE,"""IRL MYK No.1 Food Delivery Service | TTS $2 || !guest !place !deliveries"""
SAFE,"""🔁 !GIVEAWAY | What's the scoop in the loop | Powered by Lenovo Legion"""
SAFE,"""Metin2 Black Market Discord Topluluğu !dc"""
MATURE,"""MOST CONSISTENT CHATTER"""
SAFE,"""io gains today fosho | Roiben <Method> [ENG/GER]"""
MATURE,"""Is This The End?! | !wraith !merch | The Legend of Zelda: Link's Awakening"""
SAFE,"""Two Point Campus !campus !sneak !epos !sub"""
SAFE,"""BEST ORNN OTP WORLD EUW CHALLENGER MAKKRO KING OF BOZOS | !commands !guide !matchups !runes !fimbulwinter !youtube !discord !tiktok !mythics"""
SAFE,"""Hardcore Gaming! 🌻 1.19 MC HC! | !followergoal !subgoal !discord !socials"""
SAFE,"""[Drops] for fun gamer !drops !asher | I'll be at twitch con! !merch"""
SAFE,"""KuboMusic / DMCA Free / kubo-music.com / !info / !spotify"""
SAFE,"""Last day of the MW2 Beta | #jaffia !discord !yt !beta"""
MATURE,"""Torment ME Chewzday!! ~ !SUBtember ~ Y.3 S.4 Ep.80 ~ #ad TwitchUnity"""
SAFE,"""a break to play GARDEN STORY"""
SAFE,"""#1 on Endless Expert 84,038+ | 🇯🇵 | ! !festival !yt"""
SAFE,"""[EN/JP/DE🍓] Medieval Minecraft Part 2 | !event !ip"""
SAFE,"""Smooth cardslinging"""
SAFE,"""HORROR GAME W/ HEART RATE MONITOR -   NEW SUB GOALS REVEALED 🚨 !tts"""
SAFE,"""tuesday tunes!"""
SAFE,"""SUBTEMBER IS LIVE !subtember - Story Mode Speedruns (PB 1:31:59)"""
SAFE,"""🟡GETTING DUBS WITH CHAT🟡CUSTOMS W/CHAT LATER !SG !SOCIALS"""
MATURE,"""you b-long to me !challenge | !cafe !socials !discord !goals"""
MATURE,"""[Australia] Crytek Partner | Sick Boy Plays Games | !fractal"""
SAFE,"""[EN/ES/JP] 4Y !anniv SP Subathon 48h stream♡ !tool !twitchcon (Pen&Voice ASMR)"""
SAFE,"""MSF Proxyfox ✨ d1 soloq"""
SAFE,"""eFootball FIFA22 CLA UA Division"""
SAFE,"""Chess Games! !tour"""
MATURE,"""Speedruns🤠!wheel !throne !socials"""
MATURE,"""🔴RERUN // (3x Subs) //  Best CSGO Store // Spin The CSGO Wheel //  !store !newstore !farm !spin !coins !csgofast !1xbet"""
SAFE,"""JAZZ IN THE MORNING 🎹🎺🎷🥁🎸🪘"""
SAFE,"""🥳🥳ALICE was born 8 years ago! Let's celebrate our sweet girl...😎😎"""
MATURE,"""MarioANDrob  | failed final on cop Sadge | !sub !donate NoPixel  #ad !raid  Twitter : qozmyox"""
MATURE,"""[18+] DOMMY MOMMY GOD GAMER~ Sekiro first playthrough~ !merch !discord !model !mouth"""
SAFE,"""THE GOOD MORNING MIXSHOW W/ @CelebrityDru"""
SAFE,"""[Day 3] 1st Subathon! 🎁Birthday Stream🎁"""
SAFE,"""Strmm1"""
SAFE,"""MONSTER VIBES 🎉 DAY 20🎉UNCAPPED !SUBATHON 🎉 | COME GO BONKERS WITH ME"""
MATURE,"""PoF HP Train | !SUBtember !giveaway !kind | Beginner Friendly | The Benevolent Turn [kind]"""
SAFE,"""Variety killer today cause playing just one is kinda boring #DeadbyDaylightPartner !subgoal !tip"""
SAFE,"""🐬 - @foxintheboxfm x @DraftDerbiesFM"""
SAFE,"""Japan IRL 🇯🇵 | Bike broke we walk. | !tts !map !sounds !outdoorirl"""
MATURE,"""18+💯| BIKINI HOTTUB STREAM cap! Degen slots |💯| !latest 6000x road rage | !GIVEAWAY | !STORE | !SOCIALS | ENG |💯|"""
MATURE,"""RACES THEN JUICE AFTER PODCAST !CREATOR !WEEKLY !RETWEET| 10 TIME #1 MOS STREAMER |!BATTLE ✨14 SHINY✨"""
SAFE,"""METAL HELLSINGER first play! 🔥 | !subtember"""
MATURE,"""☀️⚡⚪ #1 BH BOT ⚫🧲🌕iii Self Lord Am Master 👁🧠 #ArmLegLegArmHead 👁🧠 #BlackTeesAreBetter"""
MATURE,"""🔴Non Stop PvP! Maybe something else later... :) ! Welcome to !subtember"""
SAFE,"""[im sick] WR holder attempts to finish Kaizo Ironmon! (750 attempts) !timer !subtember !kaizo"""
SAFE,"""[Streak: 8] - !newvid - Eden Destination Roulette - QOTD: Would you rather be covered in fur or covered in scales? - @ProblemsIRL"""
SAFE,"""Cozy Woodshop Stream !discord"""
SAFE,"""JR Main Splatting His Way to S+ 50 🦑💦 !alerts !goal"""
SAFE,"""GRINDING TO 100 CROWN ROYALES :D"""
SAFE,""""""
SAFE,"""Celeste World's First 220 Deathless attempts! (202 +pico8) PB: 3 chapters away from victory"""
MATURE,"""Morning MTTs | !seminars !gto !pre !dto !giveaway"""
SAFE,"""1V1 Time!!!!!!! DROPS ON!!! Cracking some EGGS | DAY 5 - !join !drops !discord !youtube !podcast"""
SAFE,"""CARE CHARITY STREAM <3 - !charity !incentives !newvid !chess !socials"""
SAFE,"""FIDE Women's Grand Prix in Astana - Round 3"""
MATURE,"""HOT TIGER DADDY JOINS THE BATTLE | weebs welcome | !socials !discord !7tv"""
MATURE,"""Subtember Subathon | Uncle Jide | District 10 | !socials !d10 !yt"""
SAFE,"""frenzy demon strikes again | !discord !gfuel"""
SAFE,"""EXTRA Leggo !Event ❤️ Autumn Poison Ivy !Cosplay THIS Saturday @ 5pm EST ❤️ Chill Monday Vibes & !Coffee ❤️ !Madrinas !YT !Lore"""
SAFE,"""Most Interactive and Hype Strimmer around ❤️ | !yt"""
MATURE,"""lets gooo <3 #afrobeats #amapiano #gqom #afrohouse [ENG/GER] !Instagram !discord"""
MATURE,"""Watching Twitch clips"""
SAFE,"""Dude, Where's my Stash? | !shaker !astro !jerky !bbq"""
SAFE,"""I control the keyboard Smallant controls the mouse!"""
MATURE,"""chaotic strimmer strimmin"""
SAFE,"""The Pen Addict: Unboxing, Planning for 2023?"""
SAFE,"""Standard Grixis Desperation Mode | !discord"""
MATURE,"""😹😹WORKOUTN IN SKIRT 😹😹socials ---> Linktree"""
SAFE,"""Freak Show Day 2 // @kiki_twitch on all socials"""
SAFE,"""999 points = robux gift, 499 points = hardcore pets and more! free huge pet giveaways roblox pet sim x giveaways winner marathon free pets"""
SAFE,"""Freezing with DocDreist!  | Day 43| !clip"""
SAFE,"""🎉 BIRTHDAY🎉  48 HR CAPPED SUBATHON !throne !kofi !socials"""
MATURE,"""🏴‍☠️🌊PvEvP Fun & Mayhem🏴‍☠️🌊 || !rogue | !discord | !socials | !merch | !piratecode"""
MATURE,"""DEADLY PREMONITION 2 FIRST PLAY - DAY TOO"""
SAFE,""""""
SAFE,"""Today we as a group rank the top teams going into Orlando! Oh annnnddd WE ARE CASTING AT ORLANDO!"""
SAFE,"""🐰 Mercy But Playing Mercy !u2gm !newskin !ow2"""
SAFE,"""AYAYA"""
MATURE,"""Big floating eagle head plays with SKATEric"""
SAFE,"""Chillhop Radio - jazzy & lofi hip hop beats 🐾"""
SAFE,"""Welcome all! Feed the BUNNIES & FISHES with bits or channel points! (!how !status !socials)"""
SAFE,"""Pokemon Revolution Online EXP Rework?!"""
SAFE,"""Just another wraith main ranking in masters ||  !twitter !ig"""
MATURE,"""OMG HAI!!! Are you feeling GREAT TODAY??! || !discord  !twitter  !ig  !tiktok||"""
SAFE,"""750+ Solo only Wins. Mouse and Keyboard | !Fractal | !SteelSeries | No Caffeine day 4"""
SAFE,"""Multi Rank 1 | Solo Q | !Commands !Emblems !Discord !Socials !Coaching"""
SAFE,"""✨🍄 Cozy fall towncore decorating ✨Partner Push ✨🍄 !discord !oodie !partner"""
MATURE,"""donkey dong smugglers busted l chuds of tiktak l trump goes full Q and anon l acab"""
SAFE,"""❤️‍🔥❤️‍🔥❤️‍🔥❤️‍🔥❤️‍🔥❤️‍🔥"""
SAFE,"""New season grind begins!!! 🤍 | !gigabyte !gfuel !donate !24 !socials"""
SAFE,"""!Ukraine // Lance main // Watching Nvidia 40 series announcement // PC !specs"""
SAFE,"""❄️❄️❄️❄️❄️❄️❄️❄️❄️❄️   ->☢️SUBtember☢️<-     !Socials !OnlyFans"""
SAFE,"""MENACE TO SOCIETY !!!! IN THE KITCHEN.... COOKING!!!! 4X LOGO LEGEND GRIND !sub !TIKTOK !YT"""
SAFE,"""DENZEL | BSK OG | THE RETURN | NOPIXEL WL"""
MATURE,"""!SelfMadeOnly - Day 15 - AGILITY DAY 2"""
SAFE,"""43/100 Tiny Green home 💚🌿 !today !pronouns !100tiny"""
SAFE,"""Coffee & chill. I HAVE RETURNED! - !lucidsound !powera - @Shortyyguy"""
SAFE,"""350S TOA SUPER EXPERT | PURPLE PURPLE PURPLE RNG BLESS"""
SAFE,""""""
SAFE,"""First Time Skarsnik + Happy Birthday Harry <3 | Accidentally ASMR"""
MATURE,"""ASMR MASSAGE 👅💦 +18 - COME TO RELAX AND SLEEP 😴 | 24/7 LIVE !commands"""
MATURE,"""time for some Delita-ful adventures✨ !socials !gametee"""
MATURE,"""🟢drops🟢 Happy Tuesday! !undaunted [PC/NA]  | Endeavors | Dailies | Pledges |   !rogue"""
MATURE,"""i missed you! !Podcast !merch"""
MATURE,"""Redstoning like a boss 🔴 | !socials"""
MATURE,"""5k$ to 100k$ Challenge DAY 11  !challenge !gto !results"""
SAFE,"""Old School Indie MMO - Monsters & Memories - Friendly Chat! - !mnm !mail !discord !mnmdiscord"""
MATURE,"""Lets get it done! Grab your favorite beverage & come chat, chill and enjoy your stay🥰Hugs from the Beard🥰"""
MATURE,"""The BEST ASMR! Come & tingle~ uwu ♥ !RR"""
SAFE,"""Hows your Fantasy team doing? | Morning Party Boat"""
MATURE,"""1v1 4v4 ranked"""
SAFE,"""AD Neeko Top Main 🍅 Normal Schedule 🍅 !rageblade 🍅 Mario Sunshine During !queue🍅 !matchups 🍅 !guide"""
MATURE,"""⭐️Art⭐️ Doin' my best! [Eng/UK | 18+ | They/Them] !bees"""
MATURE,"""COMP STAGE"""
MATURE,"""Training for Jeopardy, Geoguessr and R4 Practice"""
SAFE,"""YEAH THE NES"""
MATURE,"""Level 200 Grind!!!🖤The Pitt Update🖤 !merch !streamloots"""
SAFE,"""🇨🇦 SEASON 2 OF LATIFI x STROLL DOMINATION 🇨🇦 !subtember !rig !fractal !subtember !rig !fractal"""
SAFE,"""Trials with the boys, Master King's Fall @ reset // !advanced"""
SAFE,"""4703 Rank 1 Peak Winston ^_^ Graveyard szn MT gameplay"""
SAFE,"""pushing for SSL in 2s! !income"""
MATURE,"""[Tokyo, Japan] IRL Taco Tuesday! w/ !Vulpsie <3  !SUBtember | New !merch | !discord !fan !socials !of !viva"""
MATURE,"""Talking to random viewers !VC"""
SAFE,"""Feral <Mograine> BT Pug    --  EGX London Who's Going?         !NewVideo !Twitter !Youtube"""
MATURE,"""🐭suffocating for attention🐭!rt !socials !compliment🐭RAT CAM🐭"""
SAFE,"""La Flare ""3HUT"" Davis | RUST | ""War V Mayhem? Business Busta"" | NoPixel WL | !oooh #Sponsored"""
MATURE,"""1,000th Twitch Stream! Gaming then $5,000 buy-in WSOP ShortDeck @ 8pm CET !action !ACR"""
SAFE,"""Aziz LIGHT!, All Welcome 🍻 - Cead Mile Failte"""
SAFE,"""eFootball FIFA22 CLA UA Division"""
SAFE,"""😍 434+ hours LIVE!! ✨ UNCAPPED SUBATHON 420+ hours LIVE!!✨ — !patreon !timer !thontimer"""
MATURE,"""THIS IS FOR REAL"""
MATURE,"""🌺🌴𝕍𝔹𝕠𝕣𝕜𝕖𝕣🌴🌺 [SUBTEMBER] LET THE BODIES HIT THE FLOOR!!! #RoadToPartner"""
MATURE,"""Zac Mid - Tips welcome noob gamer (Plat II) :)🎉!YouTube [Australian]"""
MATURE,"""CHIBI RAFFLE !RAFFLE  SUBATHON UNCAPPED DAY 5 (´∀`｡)ﾉﾟ.:｡🌸 !subathon !stats"""
SAFE,"""Words on Stream until Morning | Day 19 | !subathon !hundopower !curio"""
MATURE,"""NEW(ish, sorry) 2D metroidvania - HAAK [First Impression]  *key provided by devs"""
MATURE,"""Dank demon killing | !store !gamersupps"""
MATURE,"""Race-to-Reset: GM Prep and Other Joys ··· !r2r !socials !gm"""
SAFE,"""Naga Spell, ft. Kitten"""
MATURE,"""🔴 LOADED POV || SUBtember || [NA/PC] ||  !socials !id"""
MATURE,"""Checking out the PTR a bit !glasses || !iem"""
SAFE,"""[DROPS ENABLED]  Omega Strikers!! !Giveaway Charity Streaming Support St.Judes Today!  !Allkey !Stake"""
SAFE,"""King of Beans Marathon"""
SAFE,"""Solos SEASON 4 New Update!  | Use Code ""Vohade"" !code !socials"""
MATURE,"""Giga Sage - Patch Tomorrow, Food Today - !HelloFresh #AD"""
MATURE,"""BL4 ♥ DS3 No Hit run done, let's celebrate!"""
SAFE,"""BACK FROM VCT! | Radiant #152! |  !coaching"""
MATURE,"""DAY 81⚡(CC)⚡Steak or Tacos? SUBtember💖 15% DISCOUNTS  !italeri !bralek  !discord !social !norarm"""
MATURE,"""TOTW News and Guardians Prep  !Method"""
MATURE,"""🎉BLACKJACK LOLOLOL🎉 - !discord to join our amazing community!! :)"""
SAFE,"""Back to Bkk chilling  bowling karaoke 🎤."""
SAFE,"""Reacting to Twitch Clips!"""
SAFE,"""UNCAPPED !subathon DAY 1! !goals !twd !ghost !tlou"""
MATURE,"""🎉 THE 2 YEAR ANNIVERSARY SPECIAL!! 🎉 | Sponsored Brickbuilding Stream | !set !vitals !project !discord !merch !socials"""
SAFE,"""best sniper is HERE - *NEW FORTNITE SEASON*"""
SAFE,"""Trending Topics and Synthetic Testing KlipTok with !datadog #ad"""
SAFE,"""AKA PROMO | BEST TEAM IN MADDEN | !subtember !gg 247/275"""
SAFE,"""🎉 Birthday Stream 🎉 // Dark Souls // All Bosses // !subgoal !deathmetal"""
MATURE,"""MW2 Beta MNK (Adapt/Overcome/Stop Complaining!)"""
SAFE,"""(Sonic Generations PC/3DS) Day 16 - SONIC SERIES SUBATHON! No Limit | Tier 1 Subs = 5 Mins, 100 Bit = 100 seconds or $1 Tip = 120 Seconds"""
SAFE,"""RERUN: ArT vs. ShaDoWn  - Group D - DreamHack SC2 Masters: Valencia 2022 - EU"""
MATURE,"""Choosday Gamin' --- !patreon !podcast !music"""
SAFE,"""Upper Body! Happy Tuesday!"""
SAFE,"""Live Day Trading Show - Making money to take your mom out for a date."""
SAFE,"""improving strats after reclears | !lfg"""
MATURE,"""back to grind (still coughing so not talking much) // !exitlag !boosty !owrelease"""
SAFE,"""Sleepy streamer"""
SAFE,"""LIDL DALL-E STREAM"""
SAFE,"""Tuesday ● 3 boys vs Fac2ri-0; the Steel Flood"""
SAFE,"""09202200 Ind vs Pak"""
MATURE,"""any brewfest enjoyers<3 !emoteonwall"""
SAFE,"""World Record attempts on Toad's Turnpike"""
SAFE,"""This live stream you are watching is special. Not everyone can reach it. www.twitch.tv/gtvsherlock DONATE LINK https://www.paypal.me/gurhant"""
SAFE,"""2011 Pepsi GSL July Up & Down Group A Match 9 Set 1 - Ryung vs Happy"""
SAFE,"""New Season Grind !prime !subtember"""
SAFE,"""IN MY WARZONE BAG | REBIRTH HIGH KILLS | !SUB !PRIME !SUBCOUNT"""
SAFE,"""compge with the boys | !discord !teamcafe !newvid"""
SAFE,"""{LVL 58, 60 MIL} WHERE DA PLAYERS | !Podcast | !Improve | !SubTember | !Goals | !HALF Bitbot {ON} | @BarryBucketz SOCIALS"""
MATURE,"""WE VIBING!!!"""
SAFE,"""[UNCAPPED SUBATHON DAY8] ZZZZZZZZZ !subathon !schedule !discord"""
MATURE,"""cyberpunk 1.0 patch \\ first playthrough"""
SAFE,"""New (definitely not recycled) Master Duel Event"""
MATURE,"""[first] Demon's Crest"""
SAFE,"""Why do we keep doing this?!"""
MATURE,"""[PNG Tuber] Shorter Stream today. ! [   Partner Push! ]  [ 18+ ] [ !discord ]"""
SAFE,"""⚒️ Hardcore Vanilla ⚒️ | Day 80+ underwater base (!podcast, !mcmods))"""
MATURE,"""Commission work today \o_o/ 25 gift sub = big PP Portrait [ENG/FR] || !discord !throne ||  (+18 stream)  *Might be loud"""
SAFE,"""《 ❄️Lewd Snowfox! ¦ Karaoke and chill today~!《VTuber》 !youtube !tiktok |  !T3"""
SAFE,"""Indie Horrors! W/ Heartrate Monitor! | !merch !TGK"""
MATURE,"""[AUS] FIRST EVER GTA PLAYTHROUGH"""
MATURE,"""NEW DLC GIVEAWAY! // !newvid  !subtember  // Crytek Partner  /  !sneak !socials !discord"""
SAFE,"""neovim and the t3 stack, building awguess"""
SAFE,"""farmin'"""
MATURE,"""BDAY UNCAPPED SUBATHON DAY 3 | !goals !advgg"""
SAFE,"""Chill Stream ☑️2h CUSTOMS at 3pm CET ☑️ BEGINNERS !Guide☑️ !tiktok !youtube☑️"""
MATURE,"""TWITCH IS IMPLODING AND ITS JUICY! !SUBTEMBER !react  #150"""
MATURE,"""What Are You Not WIlling To Try? || !raid !throne !shop !rogue"""
SAFE,"""Proactive Gaming !specs !BLD | !endurance !comtac4 !money !goodscav"""
SAFE,"""Rust | Neovim | Closing scopes and pretending to be done"""
MATURE,"""Faka faka back"""
SAFE,"""Preparing the World Eater | Minecraft Hardcore"""
SAFE,"""🌲 UNCAPPED - DAY 4 🌙 Spin The Wheel For Channel Points // !esn !social !merch🌲"""
SAFE,"""Twitch Plays Pokemon (Enter buttons via chat!!!)"""
SAFE,"""WACK RADIO 90.1 FM"""
MATURE,"""Mut Champs! | !shots !giveaway !moose"""
SAFE,"""🚨 Wee Woo 🧡 Production RP 💛 !donate 💚 !wishlist 💙 !raiders 💜"""
MATURE,"""My Queen | Creatorcode: bonny !tier !nexus !split !yt !101"""
SAFE,"""☮️Uulon Jess in ""Light Ale""💜|NordheimRP| !pledge 👀  🏹 🎣⛵🐴🐕!twitter | !discord | !youtube"""
SAFE,"""#1 NBA DAD | !advanced !discord"""
SAFE,"""Tilting Tuesdays - Gheto Kaiba | RUST/Redline | NoPixel WL !subtember !Raid #ad"""
SAFE,"""You fav RACCOON back at it! !Custom games all day! !dixper  !giveaway !throne !socials !artist"""
MATURE,"""ClusterF"""
MATURE,"""UK / GIRL - Games w/ viewers! [ALL WELCOME] 💦🍑 !hottub !socials !5 !giveaway"""
SAFE,"""BEST STREAM on TWITCH| Warzone Guppy God | 6.3 KD 140,000 Kills 2500+ Wins | !yt"""
MATURE,"""LAST STREAM FOR A WHILE! 🥺 All day Asylum before its gone👀 !merch !adv !throne"""
SAFE,"""3800% Permadeath runs! | Yes we are able to survive the first night EASILY"""
MATURE,"""Avengers update today. Gonna check that out | Sub a Thon Goals SET! !22GAMES updated! | !Subtember"""
MATURE,"""[VR] First time HL2 👾🔫 (then VRC) !socials !gg"""
SAFE,"""ToA chill 410s! !500budget !staff !newvid !ring3 !toacommands !500clear !toapet !miningskip !fractal"""
MATURE,"""Blitz NL 10 ACR new hud  !hud !acr"""
MATURE,"""FREE !Trials Help [All Platforms] | (YES IM IN THE FLAWLESS POOL) !Socials !Subtember !Gold"""
SAFE,"""i got new pants"""
MATURE,"""11k hour killer enjoyer !tuesday"""
MATURE,"""Vibin | Ily \ !discord"""
MATURE,"""CEOtaku this weekend"""
SAFE,"""DOWN BAD BOYS // CLICK HERE // !mama !steelseries"""
SAFE,"""Battle Royale! | 24X FLAWLESS | !wall !subtember !yt"""
SAFE,"""!foony | Building Checkers Engine | Implementing Suggestions / Improvements | #acorn  #partnerwen #hashtag #whyaretherehashtags?"""
MATURE,"""【F2P/36K+CS | Giveaways, Raids, Joint Op & MORE | !giveaway !event !builds !expfarm !shorts】"""
MATURE,"""Trooper Copper | Nopixel | !me"""
MATURE,"""🌸Partner Push 🌸Face Cam Today 🌸"""
SAFE,"""Trying to break the 50m record l!#SUBtember up to 30% off!   !merch"""
SAFE,"""a morning stream no way man"""
MATURE,"""🔔UNCAPPED GIGA SUBATHON DAY 2🔔 | !discord | !s | !fc | !subathon |💚"""
MATURE,"""Maybe some dubs"""
SAFE,"""🔥Clappin Cheeks in Synchro/XYZ Fest | New !youtube Video | Yu-Gi-Oh! Master Duel"""
SAFE,"""OP leveling with Rigwald's Crest from lvl1"""
SAFE,"""NEW DRAMA CLICK HERE!!! VERY IMPORTANT!!! SOMETHING HAPPEND!!!"""
MATURE,"""The Bad of the Bad? | Silent Hill Downpour PS3 First Playthrough"""
MATURE,"""[BEAST Difficulty] Practice makes perfect. !vpn"""
SAFE,"""Season 4 - Day 3! Code ""Arteer"" #ad !socials"""
MATURE,"""Connell MacGregor | NoPixel WL |  DOING STUFF | RUST HIGH COMMAND | Path2Partner"""
SAFE,"""PD JA WILL BE MINE ! I CANT FIND IGGY MAN 🥹 !SUBtember !tiktok !twitter !yt !discord"""
SAFE,"""#PushForPartner • Battle Pass Giveaways All Day • 16,600+ Total Wins • 5th for Wins Worldwide • Family Friendly !giveaway !bp"""
SAFE,"""Wut dat booty do // !tiktok // !youtube // !discord"""
SAFE,"""24 HR Stream!! PT. 3!! | OTR TO 9K |"""
MATURE,"""bonnie on trenches :)"""
MATURE,"""Click this stream for +10 cool points  | !vpn | !socials"""
SAFE,"""Hey heyyyyy, I wanna be a ____star / / / !calendar"""
MATURE,"""Day 15 - Uncapped Bit-A-Thon for belated birf day !! hehe !Goals 🌸 !Factor !Wishlist !Merch"""
MATURE,"""(52) We Hit Twitch Partner! | !gfuel !socials !playlist | 18+"""
MATURE,"""🐶 Can you be my cult people uwu | !discord !twitter !battle"""
MATURE,"""10 DAYS until our 40 HOUR CHARITY STREAM (and FIFA23 launch) | Socials: @Nick28T"""
MATURE,"""【IMNECRAFT】BUILDING MONDSTADT! Genshin build!【WAHN | WahnVT】"""
SAFE,"""OUTBOUND GHOST @ 11AM CDT | UNCAPPED SUBATHON DAY 9"""
MATURE,"""30 Hour Subathon Already Capped! Community Games Back Into Conan Siptah"""
SAFE,"""50X TREASURE ISLANDS! / 26 SUB ISLANDS! / NEW ITEMS! | !commands !rules !map !dodo !maxbells !sub !discord"""
MATURE,"""finishing lingerie bird bodypillow, then other art?"""
MATURE,"""BEST MWII WAITING ROOM ON TWITCH | !sneak !socials"""
MATURE,"""ПОДПИСЫВАЙТЕСЬ НА BOOSTY!"""
MATURE,"""👑 Day 13 UNCAPPED SUBATHON - 24/7 👑 Time for sleeps,  get a high score, level 69? 💜 Most Amazing Community 💜 !discord !subatho"""
MATURE,"""Lets play some fortnite #DYNONTOP"""
SAFE,"""Today's a new day || !merch || !focus || !throne || !epic"""
MATURE,"""【ENG/GER】#1 Witch at it again !TTS"""
SAFE,"""new ml patch *exciting* *MUST WATCH* !subtember !shiny !leaderboard !telestickers !merch"""
MATURE,"""Giveaways n Challenges ~ BRs / Casual Crank Racing ~ #RealOnes Community Support ~ !sr your music ~ Insert Units & Balls Here"""
SAFE,"""console grind for ps cup | !video !twitter | CCC Winner | Use Code TDT.Hyrax"""
SAFE,"""Celeste Any% Attempts For 29:30 | !tickets !subtember"""
SAFE,"""Boss Time? Announcement! Soft Launch of !FH - Suggest Ideas!"""
MATURE,"""[DAY 20] 💠 720 Hour Stream 💠 !7tv !merch 💠 ᵃᵃᵃᵃᵃᵃᵃᵃᵃᵃᵃᵃᵃᵃᵃaaaaaaaaaaaaaaaaaaaᴬᴬᴬᴬᴬᴬᴬᴬᴬᴬᴬᴬᴬᴬAAAAAAAAAAAAAAAAAAAAAAAAAAAAAAAAAAAAAAAAAAAAAA"""
SAFE,"""Day 14 of subathon! Trying to not die in dayz XD | Wuvs ya <3"""
SAFE,"""LIVE Stock & Futures Trading - Crypto on Weekends  -  POLYTRENDS ACTIVATED! 💚"""
SAFE,"""THE GOAT HOUSE | !clip | !awake | !BDE | !yt | !discord"""
SAFE,"""Full suit & helmet race for 100 subs!! | Open Wheeling in Officials"""
MATURE,"""🟥TINY TUESDAY WITH PEW! 🟥 [V Tuber] [18+] [ Furry ]"""
SAFE,"""The SHAMEFUL Build 👿 - Cersei Lannister Edition !discord !password"""
SAFE,"""I came to Sing! <3"""
SAFE,"""3D Printing & Makers Making ~ 24/7 Virtual Makerspace"""
MATURE,"""Woah Hey, is that BBrits?"""
MATURE,"""#SPONSOR Roccat Kone XP Air !roccat  !partner  ?song  // Twitter: @iCherrye"""
SAFE,"""COD PRO RUNS WZ. CODE ""BANCE"" IN THE COD STORE."""
SAFE,"""Zoom 50 PS chill stream with nuevomutro Alex!!!  !cfp  !alex"""
SAFE,"""We are always at the beginning"""
SAFE,"""$250 IF YOU BEAT THIS MAP! - !youtube !alerts !yumon !Oooh"""
MATURE,"""Its Time to lose! Im Trying higher difficulties! !gamersupps !discord"""
MATURE,"""working"""
SAFE,"""Test"""
SAFE,"""Secret Cypher tech carries me through immortal games - Valorant"""
MATURE,"""FINDING OUR INNER DISNEY PRINCESS - DISNEEZ NUTS- THEN POLL <3 THANK YOU FOR EVERYTHING <3 | !mwatchtime !newvid Vote What's Next!"""
SAFE,"""2 month anniversary stream!!"""
SAFE,"""Ff commission"""
MATURE,"""[DROPS?] Ricardo Remembers: Fire Dog Origins | #1 GS Tarka Ji EU x3 Asura | Wash and Dry > Every 3s Comp| !coaching"""
SAFE,"""Soloq frizzanti | #bewebi"""
MATURE,"""[ ch.2 ] Yeehaw !rd1 ♡ first playthrough"""
SAFE,"""[FR] [EN] iRacing - GT Sprint at Motegi - GT3R"""
SAFE,"""CS with Olya"""
SAFE,"""Let's go Boo! Are we there yet? STREAM TO 5K GENREFUL  ~ Mamadre69  Canadian Rockies"""
SAFE,"""GANG CHANGES?🐺 Cydney Lune︱R.U.S.T HC︱#Rat4Cyd | NoPixel WL  ✨!socials"""
SAFE,"""SciCraft Cactus farm grind| !GA |!socials | !merch"""
SAFE,"""🥵TITRIS PRO💦🥵TITRIS PRO💦🥵TITRIS PRO💦 !s"""
MATURE,"""Modded XCOM! 377 mods, it's a bit messy. Still early game! Subs, 500 bits and $5 donos lets you join the deadpool! | !xcom !deadpool"""
MATURE,"""Controller Gawd on Fortunes Keep"""
SAFE,"""Korean Ladder New Acc. I have Discord Chanel + emotes. HF       !Goal"""
SAFE,"""BIRTHDAY STREAM | DRINKING 10 BOBA | I MAY BE OLD BUT UR MUMS LOOSE PSSY AND SAGGY TITS IN MY MOUTH MAKE ME FEEL YOUNG AGAIN FEAT UR PALICO"""
MATURE,"""GOOD MORNING! (ɔ◔‿◔)ɔ♥ | !wishlist !merch !gfuel !socials"""
SAFE,"""SCIENTIFICALLY PROVEN BEST CROSSHAIR !dicksize !refrag"""
SAFE,"""!subathon elden ring prodigy like you have never seen before"""
SAFE,"""Solo Q Streamge | Worlds Finalist | 30% off subs !Newvid !tierlist"""
MATURE,"""UM  rank? s+ :3c !uwu !cold !sb [NO STORYMODE]"""
MATURE,"""Last chance for event tickets! Then onto other shenanigans | !youtube"""
MATURE,"""Debating the best system of government, what's your favorite and why?"""
SAFE,"""mineactfr 1.16"""
SAFE,"""no udon no life"""
MATURE,"""🔴 VTOL VR! ◻️ 20/9/22 (125)"""
SAFE,"""Univision en directo-> www.TeleBlanca.com"""
SAFE,"""defusing spikes | !discord !cafe !tiktok"""
MATURE,"""[한/En] Seoul Walk, South Korea"""
SAFE,"""Heroic/Legendary | !Builds | Educational | All Directives"""
SAFE,"""TRIALS CARRIES W/ Lanza Bonanza - 1000+ Flawless  !discord"""
SAFE,"""(RERUN) Bronze to Grandmaster Returns! Omega Strikers Later!║ !Subtember get 20-30% off subs! ║ 9.19.22"""
SAFE,"""UNCAPPED bitathon/subathon DAY 40 ♡ | !bitathon | !subathon"""
SAFE,"""NFT Day Celebration x The Sandbox in Lululand"""
SAFE,"""Coffee & TV by GiraffeKiller"""
SAFE,"""[ENG/FR] 1v1 High level"""
SAFE,"""Zelda ALTTP Damageless routing (ILF) “We're not going to last very long on M&Ms and potato chips.”"""
SAFE,"""🧔New Norse Team - Practice for the ggTour tournament this weekend."""
MATURE,"""This is horror... right?  | !discord"""
SAFE,"""[FDG] TIME TO HIT THE ROAD | RUSTY COIGHT !server !youtube !music"""
SAFE,"""me & lele & death !youtube"""
SAFE,"""Mirador 24h"""
SAFE,"""SOLO PVP Gamer | Beginners Welcome | Most Deaths to Fall Damage World Wide"""
SAFE,"""SOULFUL HOUSE MUSIC-THE MORNING FACTORY"""
SAFE,"""Live Options Day Trading! 9/20 | BullTrades.net | #Subtember !discord !website !indicators"""
MATURE,"""New patch New Patch !corsair !discord"""
SAFE,"""Biking in Japan for Suicide Prevention Month! feat. JoshInJapan !charity JP/ENG"""
SAFE,"""werk with me - #drillsandchills2022 !d !sr !charity !mmiwg2s"""
MATURE,"""[SG/EN] some goofy emotes | !discord !comp !now"""
SAFE,"""1v1 Old Patch ranked !activity"""
MATURE,"""🎉SUBATHON DAY 1"""
MATURE,"""AUS | MIDDLETON'S 1st STREAMER-VERSARY // Chats, Games & Announcements"""
SAFE,"""Good vibes and Warzone! | #FluxFam -> !socials !yt !sneak !pr !chair !sub !prime"""
MATURE,"""[ UNCAPPED SUBATHON: Day 1 ] i sleeping"""
SAFE,"""✨ DROPS 🎁 GIVEAWAYS !ESOChair !Guild 🏡 !IRLHEARTHFIRE !SafeZone !Guild !CC !StreamRaiders ฅ^･ω･^ฅ Positivi-tea"""
SAFE,"""Farming Max Juiced Maps For Goblins And Buying 1p Voices / Getting it TWISTED double corrupting omnis when i get enough currency !strat"""
MATURE,"""Immaculate Vibes! NEW VIDEO UP <---YT  !GFUEL !YOUTUBE !DISCORD !BUILD !JOIN"""
MATURE,"""🌟Angry man tries to climb mountain part 7🌟[GoW]"""
SAFE,"""#50 Rusty Striimi Päev // Chris Mannix Seiklused // breakingls.ee !discord !tups !biker"""
MATURE,"""afternoon gamer"""
MATURE,"""AAAAANd , we`re gold"""
SAFE,"""VALO BUT NO COMMS ALLOWED | !charity !pobox !riot"""
SAFE,"""Beating Lotus and Hwill... Today(?) !huel !vpn  | MapleStory | Bean Brigade"""
SAFE,"""Trading community teaching proper technical analysis . NFA"""
SAFE,"""Subtember! FTL Challenges/achievement runs ! | sad stalker > !lastdeath"""
MATURE,"""24/7 Live CCTV Cameras throughout Ukraine ~ Russo-Ukrainian War -- Bakhmut, Kharkiv, Kramatorsk, Donetsk - !SUBTEMBER !DISCORD !SOCIALS"""
MATURE,"""THE NIGHT SHOW! #GetInvolved #FILMSCREW  #MentalHealthMatters"""
SAFE,"""The Search for Wool Sweaters continues"""
SAFE,"""[PS5] New Season ⚠️ Slowest Sens on Console 🎮 !season !patch"""
SAFE,"""WE GOIN CRAZY"""
SAFE,"""first playthrough"""
MATURE,"""lvl18+ 2h Axe <3"""
MATURE,"""TAY - R1 Warrior 2s w/ LFG!"""
MATURE,"""VHS AND OUTBOUND GHOST LATER"""
SAFE,"""DROPS | Minotauro marks // AMX M4 54 Done  !warthunder"""
SAFE,"""Duo w/ Ls playing main acc later (maybe)"""
SAFE,"""METAL (and whatever else) | !howtorequest | Game: Rocksmith 2014"""
MATURE,"""pallet dropping gen popping"""
SAFE,"""Judgment first playthrough!"""
SAFE,"""This Could All Go Wrong!"""
SAFE,"""🐶Vet Clinic and Making Money in Sims!🐶Elemental Legacy Animal Gen Prt 4! !throne !legacy !tiktok"""
MATURE,"""NOT SOLO QUEUEING :O"""
MATURE,"""🐲 Abyss help !abyss !q | !socials"""
SAFE,"""(sleeping, back at 4pm CST) 7 DAY SUBATHON DAY 1!!! GETTING CHAMPS TODAY NEW SEASON!!"""
SAFE,"""Peck, scratch, snack, preen."""
SAFE,"""Chillin' a bit. | Dennis Mason | Beach Crew | NoPixel WL |  | !subtember"""
SAFE,"""(EN/PC) Can we Survive The Nights?"""
MATURE,"""Hi, lets catch up before some exciting bits today! / !msi !donate !ads"""
SAFE,"""TRUE STORY RP ....PLAYA MADE"""
SAFE,"""Most People Can't Hear This Music"""
SAFE,"""Canales Argentinos Gratis-> www.TVArgentinaHD.com"""
MATURE,"""!artforkids Raising money for inner city kids that need art supplies! Only like $350 to our goal! Painting miniatures, art, stream raiders"""
SAFE,"""104.3 The Fan || ""Denver's Sports Station"" """
MATURE,"""there isn't much i won't suck - 19+ !snapchat !sfx"""
SAFE,"""🟥  24/7 FOOD VIDS 🟥 Sept 05 2022 🟥 !cometeer #Sponsored 🟥 24/7 Retro Commercials on Twitch.tv/RetroCommercials"""
SAFE,"""FREE trials of osiris HELP !raffle !carry | !merch !donate !tiktok !socials @ilyterror on all socials"""
SAFE,"""You Lying right?"""
SAFE,"""47 HOUR SZN 4 STREAM | !partner !freevbucks | BEST CHANNEL REWARDS! | best combat pro player | !twitter !merch !crownrecord"""
SAFE,"""ya ya yayaya"""
SAFE,"""updated Geared now  |👴& DJ | deerisle🥶 |🧠#SUBtember"""
MATURE,"""⭐Gang Beasts time w/Manti the Abyssal King!⭐♦️ Scenes by LordVengian ♦️!discord !socials !throne"""
MATURE,"""lets keep pushing!  ALWAYS STRIVE TO DO MORE  (15-18hrs) --- Saucy Points ALL DAY --- Chance to win $50"""
SAFE,"""ALL 540 SHINY Dens, 4 Shiny Raid servers,  + PLA, SWSH, Sysbot And More!"""
SAFE,"""CO-WORKING STREAMS ARE BACK #SUBtember !SOCIALS !DISCORD !CHAIR"""
SAFE,"""Tuesday Brewsday - Deck Building Based on Community Feedback!"""
MATURE,"""[18+] literally the only thing i can do"""
MATURE,"""Rank 348 Mid Player Grind"""
SAFE,"""TRIPLE ZEUS BEAM DUNGEON SPEEDRUN [CYCLE PARTNER] | !newvideo !giveaway"""
SAFE,"""на улице rain на душе pain"""
MATURE,"""dbd :) :)"""
MATURE,"""🔴🚀Star Citizen | SoO | Speedruns | Chill music"""
MATURE,"""BANGERS ONLY - !Bitbot [ON] | !Subathon !Subtember !Fractal !Sneak !Secretlab !Vid"""
MATURE,"""Bad at EVE? - Ask Questions!"""
SAFE,"""[SSFHC] Soul Mantle CF Totems - (will try many other cold spells too)"""
SAFE,"""new book club in town *sip*"""
SAFE,"""HFW Speedruns are broken now :( | !broken | !SUBtember"""
SAFE,"""UK Immortal sage main on the grind | !SUBtember !exitlag !socials !uwu"""
SAFE,"""back to ze grind"""
MATURE,"""I wonder if ghosts, like marmalade? I sometimes think of these things. On the road to 10k | !commands | !dixper | !playstream | !Subtember"""
SAFE,"""STREAM UNTIL PB - DAY 2 - !goals !video !pb"""
MATURE,"""MFW attacks Savage lives BABY Granddaughter and LIES LIES LIES"""
SAFE,"""What's been going on in Space!? 🚀✨ | New player friendly | !wraith"""
SAFE,"""LIVE: Eclot VS X | ESEA Advanced Playoffs | !maps !Malders !bracket !raid #ad"""
MATURE,"""Marking an adventure RPG"""
SAFE,"""No Skip Endless Expert (PB: 731) - !contest !yt !sfw"""
SAFE,"""MAX Difficulty/No Pause | RTuesdayS Day! | !twitter | !discord"""
MATURE,"""【EN/JP】Tome and Reclears Tuesday | !socials !lore !subtember"""
MATURE,"""We will eat you when you get old :)"""
SAFE,"""OoT 100% SRM Speedruns | !100 !introskip"""
MATURE,"""We have c3r3bros and combos for days!! What more could you ask for?"""
MATURE,"""SUBATHON DAY 32: FULL OF LIQUID (BIG MAN SWEEP 2022)  !SUBATHON !DAKIMAKURA !THRONE"""
SAFE,"""Titan in Training. Vibing in Trials! Come hang out with the homies. !chips !merch"""
SAFE,"""(!Lotr) Solo Q!!  Lets have some Storm League Fun!!! |#ad #sponsored| !Subtember !Newplayer !7tv !Youtube !Discord"""
SAFE,"""studying rta harder than irl studies !discord !ld"""
SAFE,"""🏳️‍🌈FUNDRAISER-ATHON!| MINECRAFT| !socials !art !song"""
SAFE,"""Some more pics from my albums plus some Gasly updates..."""
SAFE,"""LAST DAY OF MW2 BETA GAMEPLAY <3  !newvid #PARTNERMJ #YSO #DMNSZN"""
SAFE,"""wanna become a cat? 💙 | !lore !youtube !bili"""
MATURE,"""🔴PARTNER APPLICATION SENT🔴sound fixed?! (catcam? warning) !giveaway new !subgoals !subtember !zerk !socials"""
MATURE,"""Scrub-a-dub-dub | PUBG Gril Squads Later| Scottish | Best Giggles on Twitch | TCF & PUBG Partner | !zgame !exitlag !question"""
SAFE,"""STREAMUNLIMITED5 |!schoolfestival !exp  !streamunlimited5 !youtube !adsincentive"""
SAFE,"""New Assassin's Creed Valhalla Update Incoming & New Items!"""
SAFE,"""A bit of league and then ""The state of Cardfight!! Vanguard!"""""
MATURE,"""Fuzzy Tail Wiggles Tuesday owo! - Day6(Floofy Sean Adventures)"""
SAFE,"""!wheel enabled| Lets make my mage great again!"""
SAFE,"""Minecraft but Twitch controls my Minecraft... (video recording tomorrow)"""
SAFE,"""Duoo gaming SMILE  | !gg"""
MATURE,"""KREE WITH NEW STAFF EPIC CONTENT WOW !!!!"""
SAFE,"""F.CHING NO.1 vs. BLAZE JP | WCL"""
SAFE,"""Late Stream Because I Was Singing In The Shower And Lost Track Of Time"""
MATURE,"""AUS | FIVE SEVEN GANG... .NEW sound alerts  !bot !link !juicd"""
SAFE,"""GM Denes -  CHESS & CHILL  - HANS WINS BY DEFAULT - - 3000 Pausechamp!?"""
SAFE,"""Hmmm... what to do what to do.."""
SAFE,"""MENTAL FORTITUDE IS MY MIDDLE NAME !yt !newvid"""
SAFE,"""🍉BUFFED WATERMELON《Tomboy VTuber》・!newsong !gg !newvid"""
MATURE,"""😒👌klausau emilijos take apie bielkos/salciutes streamus, discord open !discord - www.karalius.gg"""
SAFE,"""12Hr Stream 99 Range OSRS Max Cape Work"""
MATURE,"""🦇 Moogle Waifu's First Time ~ Endwalker MSQ 🦇 !socials"""
SAFE,"""Sleeping and relaxing"""
SAFE,"""NEW WORKSHOP & PUSHING THE COLD | #ConanExiles | !cookies !merch !betterttv !conan"""
MATURE,"""☆:.｡. mcdonalds sprite // !socials !discord ｡.:☆"""
SAFE,"""✨new player! finishing coils? arr patch quests?"""
SAFE,"""stream #53 playing fast games"""
SAFE,"""these twitchers."""
MATURE,"""My compass always points me to you.  Come hang out?  <3 | PC | !discord | !youtube"""
SAFE,"""Watching Highgrade Tv Fortnite solo"""
MATURE,"""POST STREAM KARAOKE"""
SAFE,"""Back and Harder then ever!"""
MATURE,"""[OCaml] Working till I collapse"""
MATURE,"""Weird stream with cool people!  [🚀24/7 PvE🚀] !support !kilocoins !SR partner !lurk | 13.043"""
MATURE,"""Trying out FORTNITE?!?! // !socials !sub"""
MATURE,"""[3DIO] Wolf Mom kisses & whispers ♡ SUBATHON DAY 15 ♡ !subathon"""
MATURE,"""DMU Mythic Drafts -- Temur Domain -- 17lands #1 DMU Match Wins -- 10 Push-Ups Per Loss"""
SAFE,"""Rise & Shine Egglets. [!giveaway]'s all day!! [!drops][!dropslist] [!discord]"""
SAFE,"""Slepe | !moving | !fun"""
MATURE,"""De-ranking for life...."""
SAFE,"""🔴 (DRAMA) HARDCORE 1.19 - DAY 10 - !discord !socials !project"""
MATURE,"""[AR 59] comfy chatting while exploring sumeru UwU"""
MATURE,"""Bad financial decisions have been made | Swatcast"""
SAFE,"""First time in HW msq | currently 3.3 | !chris !discord !server !subtember !skipper"""
MATURE,"""Me and Daddy Running Killers | 18+ UK"""
MATURE,"""Feeding with CurvyElephant and Kilo | 【VTuber】"""
SAFE,"""pvp 한국 도법사 재능충 우즈마키 롬"""
SAFE,"""NEW EMOTES | Sr. Oliver Raymond | LSPD | NoPixel Public 🟣"""
SAFE,"""Is League Rigged? - https://www.youtube.com/watch?v=Voe7qlG1dPg&ab_channel=TrikSlyr"""
SAFE,"""⭐ LEAGUE OF LEGENDS WITH MODS 💖 !S FOR ALL !SOCIALS 💖 !SUB 💖 !PRIME"""
SAFE,""""""
SAFE,"""New Player I'M SIX FEET TALL || New !merch drop 🤓"""
MATURE,"""Volcano Day! [PC, PvE, Unofficial, Private Server !GPortal]"""
MATURE,"""First Time Playthrough pt. 2 !socials !subathon !subtember"""
SAFE,"""Hosting 6 Shiny Raid Dens! SUB GIFTS on SWSH, BDSP, Legends Arceus, LGPE, PoGO, Home |  !sub  !prime  !bdsp  !pla  !shiny  !event  !extra"""
SAFE,"""IRL Pilot | MSFS | VATSIM | ✈ PMDG B738 ✈ | Ryanair ""firm landings....Kappa"" Ops"""
MATURE,"""Raidy Raid Raidy Raidedy Raid -> Master KF's Later | !sneak Code: BONA  | Partner App #3 in October | Aussie in UK / PC"""
SAFE,"""soba and game night! // !discord"""
SAFE,"""Walking around Hong Kong | Pre Covid VOD's | !charity 4 the kids"""
SAFE,"""NEW🎁!DROPS ON🎁 --> !Subtember -> !Vipera -> !Mino -> !Clan -> !Vz - !T95 - !Wt -> !E100 -> !yt"""
MATURE,"""(18+) Whalecum to the Hotel California (NSFW) (18+ MATURE HUMOUR UK)"""
SAFE,"""Stormers HG 12 Noon EST **Win Entry** + Sit N Crush Leaderboard day 4+ $336 !results ***$125*** Giveaway on ACR !ACR !Encore !challenge"""
SAFE,"""[Reboot] !Coaching and !Command + website work"""
SAFE,"""🔔 MORE DRAMA INCOMING 🔔 WTF IS HAPPENING ON TWITCH 🔔  | !reddit !discord"""
SAFE,"""สวัสดี Smd oc  #SMD #Whatcity #Aukkee"""
MATURE,"""Let's figure out counter picking! !ads !drops"""
SAFE,"""[DAY 4] UNCAPPED SUBATHON 💕THANK YOU FOR 13K💕 | !Subathon"""
SAFE,"""3.2k Outlaw - 2s with Matty Druid?"""
SAFE,"""🟩🟩 🟩🟩I'M BACK BABY 🟩🟩 🟩 🟩🟩🟩 🟩🟩🟩🟩🟩 🟩🟩"""
MATURE,"""Back to the briefcase - Platinum Kaizo IronMON | !ironmon !pb !links !tourney"""
SAFE,"""WE OUTSIDE!! ROAD TO 4K  ROAD TO PARTNER !!  GRIZZLEY WORLD WHITELIST | GRIZZLEY WORLD RP| RACKZ FOR PARTNER?!"""
MATURE,"""BREAKFAST FUUUUUUUUUU || SUBATHON DAY 14"""
SAFE,"""#1 Warzone Phenom over 29 !twitter"""
SAFE,""""""
MATURE,"""KEKW stream"""
MATURE,"""Streets of Rage 2 - Mania WR Attempts!"""
MATURE,"""Those hands look bored.. I got something they can work on !newvid !goals !chall"""
SAFE,"""!Giveaways | New Atomic Shop Items + Viewer Controlled Pitt Fun !Builds !NewPlayerTips | !Chewy !Razer #RazerStreamer"""
MATURE,"""Time to get serious? !giveaway"""
SAFE,"""Have belly Fat? Want to BUILD MUSCLE? I can HELP! !sub | FULL TIME JOB | !SunFilm"""
MATURE,"""FFXIV | ShB Magic DPS Quests! | Finished 6.0"""
SAFE,"""Practicing for Naraka Japan Casual Tourna. Playing with my team Akinashi and Pan. Nihongo struggle is real help mee"""
SAFE,"""New Fortnite Season!! Controller Player PC! Highly interactive with chat!"""
SAFE,"""Anthony Bourdain Live 24H !tip"""
MATURE,"""beach fishing to catch some Whoppers"""
SAFE,"""How ya doin !rogue !discord !socials"""
MATURE,"""|UNCAPPED SUBATHON| Vibin' an Thrivin' is my new career!! - SUBtember day 19! |Vtuber|"""
SAFE,"""Challenger Yasuo EUW | !discord"""
MATURE,"""Back from vacation! Assorted build testing, announcements - !advancedgg !wonderlands"""
MATURE,"""Valen touched the Bu...oat ...BOAT!!! - !first"""
SAFE,"""🎤2.7k followers? let's go and sing to tuesday! 🎉💜😁"""
SAFE,"""#1 Pred Grind! !youtube !Challenge !Org"""
MATURE,"""MW2 Waiting Room! | 20-20 Max Sens"""
SAFE,"""🏹 Hardcore 1.19 We Run It Back !GYGW !gameday !pc !rip !today"""
MATURE,"""m13 is the meta"""
SAFE,"""ได้ก็เอา #SMD #WhatCity"""
MATURE,"""THE PASSIONATE GOLF SHOW || 3 WEEKS OUT ||"""
MATURE,"""Day 3 of DEBUT YAMETHON !goals !yamethon !discord !advgg30"""
MATURE,"""PvP! More blood!"""
SAFE,"""XYZ>Synchro???Festival time |!decklist !Decks !discord"""
MATURE,"""Shadow learning  !discord"""
SAFE,"""~ We Don't Talk About My Lack of Decorating Skills...or Bruno | Disney Dreamlight Valley | !schedule !playing"""
SAFE,"""-$88K |Road to 5 BTC| 0% FEE + 20% FEE DISCOUNT | !bybit | Live Bitcoin Trading 24/7 Cam | Trade with Me | !discord !song !bybit"""
MATURE,"""Grimstroke mid Godlike or Bust !bracket !Burrow !introspection !discord !watts"""
SAFE,"""Pepega the Sorcerer continues his slow first adventure"""
MATURE,"""More BGS then some AX? • [Partner Push] • New Players Welcome • !patreon !donations !backseat"""
MATURE,"""sleeby 💀 | !comms"""
SAFE,"""💎 $100,000 Giveaway ➡ !100k 💎 10000 DOLLAR HUNT - AGA 💎 Win a Lambo !store | !maxwin (18+ STREAM!) (ENG) !english 💎"""
MATURE,"""having so much fun."""
MATURE,"""TACO TUESDAY!!!| TRENCHES RP| LIL DURK SERVER!!|SUBTEMBER!!!!| #1 DAILY STREAMER!!| 2XGAMING!"""
SAFE,"""CROSSPLAY OPEN LOBBIES JOIN NOW!!! [UK] [PC] !name !join !EA"""
MATURE,"""♥ helloooo ✪ ω ✪ !birthday"""
MATURE,"""Hidden and dangerously stupid. Dread Hunger now Perfect Heist 2 later."""
MATURE,"""RE Marathon Part 9 - Pro Difficulty | Thank you for 5 Years Partner!!🎉 | Soothing voice🍁 !SUBtember !Throne [EN/FR] !Patreon for audiobook"""
MATURE,"""[ENG/GER] ... FA-10C II on DFA Greyflag  ----  1 Life Stream  ... in the ChannelOfNonExcellence #CONE"""
SAFE,"""American Heart Association Charity Stream!!"""
MATURE,"""UwU I'm crazy for ? OwO | !vlog !where !cover !medal !wl"""
MATURE,"""Charles Morgan   [ WildRP ]"""
SAFE,"""block go down [878 wins, 1 oneday] | !lfr"""
SAFE,"""SAR + Song Request | Family Friendly | !social !discord"""
SAFE,"""Denmark Reconsidered"""
MATURE,"""multi r1 --> HAH HEY ARENA W PIKACHU | wotlk prep"""
SAFE,"""WOTLK DK Prepatch 2s skirimishes"""
MATURE,"""sponsored witchy times PLUS GIVEAWAY | !sub !sneak | Thanks to StudioDrydock for the codes"""
SAFE,"""Local Man Speedruns FF9 with cutscenes"""
SAFE,"""дикий подпивасник АТАКУЭТ"""
MATURE,"""dinner 晚餐 !學費 !tuition"""
MATURE,"""More Lines?! This is Madness!!"""
SAFE,"""Birthday with Control 💙 !goals"""
SAFE,"""SSL clip hitting daily struggles Sadge"""
MATURE,"""🦄🛸🦄 Bird?! Plane?! NO!! It's NSU!!! Time for space, she-nanigans & mischief!! Oh & UNICORNS!!! 🦄🛸🦄"""
MATURE,"""MSC"""
SAFE,"""Good Morning... Time to Wake Up. *** Soulful Vibes ***"""
MATURE,"""♡ worst cult leader ♡ !discord !socials !wishlist"""
SAFE,"""Stocks with Dawk! - Stocks, Crypto, Options & Futures  9/20/2022  !Subtember !help !discord !webull !sofi !basics"""
MATURE,"""FailArmy Live | Celebrating Failure 24/7 | #FailArmy #FALive"""
MATURE,"""WRC 4, but the Good One | !discord | The Boiler Room"""
SAFE,"""Freeroll Day @ 8pm BST / 3pm EDT, !Freeroll !POQ !Tourney !Encore !HU !Venom !Elite !Squeeze !21 !ACR !Stormers !BR !Giveaway !Vibes"""
MATURE,"""4K Late Night NEO PLAY | !Slotscartel !Discord"""
SAFE,"""Stardeus | Sci-fi colony sim game development"""
MATURE,"""FIRST PLAYTHROUGH !!!! DLC 37/42 bosses completed!"""
SAFE,"""6'4 MASSIVE MAN WITH A HUGE NOSE DOMINATES IN A FREE VIDEO GAME! #BEARD #NOSE #NOTSMALL | !YT"""
SAFE,"""🔴InsomniacTV • Livestreams + Live Sets • Music 24/7"""
SAFE,"""The Old Timey Computer Show | !2022 !mrotcs !schedule !3years"""
SAFE,"""Lavender has been adopted! | NZ Rescue Kittens | 3 KITTIES | 24/7 | !info !update !study"""
SAFE,"""47X  Treasure Islands!  24/7   l  23x SUB ISLANDS ★unlimitedVillagers★BillionBellsTurnips★join as much as you want!   !sub !prime  !commands"""
SAFE,"""🟨 AYE YO CLICK HERE! 🟨 WOW 🟨 !Socals !yt !sub 🟨"""
MATURE,"""Murder Tuesday continues! Dixper enabled! |⭐!donogoal⭐| !merch !SUBtember"""
SAFE,""""""
SAFE,"""Hugs an Hand holding | !Guide | !Zar | !Coaching"""
MATURE,"""FALL GUYS CUSTOMS FRIDAY 8PM EASTERN"""
MATURE,"""If I wear a hat backwards, that makes me a cool kid, right?  !gameraffle | PS4"""
SAFE,"""Live 24/7 🌐🌎📶 By  Chele HD"""
MATURE,"""FarmWithBlaire [eng/fil] 🌸 !socials !oasis !giveaway"""
MATURE,"""today I am reggie ready | daily videos @ !newvid"""
MATURE,"""Day 9🎉UNCAPPED !SUBATHON 🎉!Wheel !goals | !yt"""
MATURE,"""WE ARE GETTING TO GOLD!! !DISCORD // AUS (OCE)"""
SAFE,"""(guess the song) bam ba bam bam bam bam bam bam"""
SAFE,"""2K23 GRIND!"""
MATURE,"""I'm sleeping and taking care of my Cough (Covid)"""
MATURE,"""No One Escapes Deeznuts #intothefog | !merch !wesker"""
SAFE,"""👀 KR GIVEAWAYS AND 1V1S customs open to everyone | !LINK !CLIPS !GIVEAWAY !NEWVID | Honest Q&A or hot sauce friday !submit"""
SAFE,"""mario~ ᵍᵃᵐⁱⁿᵍ"""
SAFE,"""°o° | SUBTEMBER | Disney Dreamlight Valley | Saving Dreamlight Valley | °o°"""
SAFE,"""Crash 2 100% Speedruns - !hellofresh"""
SAFE,"""its tuesday full send today, vacation next week? YEP | if interested of my interface -> !ui"""
MATURE,"""SWITCHES W FIFA BLAZT AND OEIKY !  0/10 DAILY SUBS! JOINED AYME"""
SAFE,""""""
SAFE,"""Unarmed Survival Permadeath + all Grognak Mags |  !rules !goal !discord !latestmod"""
SAFE,"""8 Left $200 UT! Final Table Hunt! + Negative Ned Nest! !pre !marbles !action !giveaway !discord"""
SAFE,"""Say! What a lot of fish there are."""
MATURE,"""Lone Wolfing | Community Valheim Server Soon | UK | !sneak !GPortal"""
MATURE,"""Happy Tuesday! ❤️ Did you hear the rumor about butter? ....... Well, I'm not going to spread it ʕథ ౪థʔ   | !discord💜!socials💛!wishlist 🖤"""
SAFE,"""TRAVELLING THIS WEEKEND | GETTING CAUGHT UP ON WORK {!Youtube}"""
MATURE,"""Late night ASMR  Scuffy [EN / KR ] 18+ #Vtuber #vtuberEN"""
SAFE,"""🔴 [EN - 24/7 Music] Electronic Music directly from Clubs, Events, Festivals and Studio Sessions. [No Ads for Subs!]"""
SAFE,"""DAY 4 SCUFFATHON | !subathon !donate"""
SAFE,"""The @plaskbar waiting room | 900% NP"""
SAFE,"""I really want to complete my SECOND artifact puzzle | Vault Hunters Polaris SMP day 85"""
SAFE,"""Iron Bears!! PB: 24 !Tantrum !Box !Subgoals !yt !tiktok !canvas"""
SAFE,"""LOBA HEIRLOOM SOON! (ﾉ◕ヮ◕)ﾉ*:･ﾟ✧ | !subtember hype | !glytch"""
MATURE,"""THIS GOD DAMN AIRPORT! | #SocialClub"""
SAFE,"""CritterVision Critter Cam: 24/7 Live Critter, Nature and Wildlife-Viewing Cam!  Deer, raccoons, geese, opossums, foxes, squirrels and more!"""
MATURE,"""MOVE-A-THON || I'm finally in my apartment! LETS PARTYYY || !subathon !time !goals !incentives !wishlist || 72 Hour Cap"""
SAFE,"""[REDA] Sadge"""
SAFE,"""Apeiron Community Live Event"""
SAFE,"""Copa Merten QF vs HighRollerko"""
MATURE,"""[AUS] DOEKERCRAFT SERVER LAUNCH !minecraft | --> !onlyfans !socials !today | Minecraft"""
MATURE,"""!rank just love my community !discord"""
MATURE,"""RECLEAR WEEK | !discord !youtube |"""
MATURE,"""bald man in THE SIX | !aoaatube | !discord"""
MATURE,"""Just Chillin'  | 18+ #WeGetLewd #We❤Streamer.bot!"""
MATURE,"""TUESDAY TRANCE TEAM | ROAD TO 9K | #letsgo #trancefamily #nonstop"""
MATURE,"""[EN/PT/BR]   ❤️SOLO + WIN A FREE SLIME FURNACE SKIN  !giveaway !event !instantIG"""
MATURE,"""FTO: Frost | Cadet Jessie Dallas | NoPixel WL"""
SAFE,"""42 EU Start - (FR Ytube video) - !subtember !guide boar priest !youtube [EN/FR]"""
MATURE,"""both sides betty enjoyer #DeadByDaylightPartner !newvid !hellofresh"""
SAFE,"""HAM+ALO=DISASTER? !merch !streamtember"""
MATURE,"""JOIN MY COMMUNITY TODAY! ITS COOL TO BE AN OPG! NEW WEEK MEANS NEW LEADERS!  !HOST AND RAIDS TURN ME UP!"""
SAFE,"""The Story Continues!"""
SAFE,"""❤️ Morning Chills w/ Airawr! ❤️"""
MATURE,"""Scary game with friends! Come watch me cry. [18+] !socials"""
MATURE,"""Filming and dance practice right now!"""
MATURE,"""UOOOOOHH (italo disco)"""
MATURE,"""ENG/ESP [TOKYO] Just Drying - !timeleft Copium | !me"""
MATURE,"""Toxoids Preview! - We can live to 50! We are immortal gods! Empowered Lighted Dynamics - Stellaris is back!"""
SAFE,"""Share Your Wins 🏆 Leg Day 🤸 Bodybuilding & Macro AMA"""
SAFE,"""Booty lift workout at the beach!"""
SAFE,"""🥵 Hot and relaxing ASMR Sounds 🥵 ---- (Rerun)"""
MATURE,"""Soup Season 🍂 Fall decor !hi !fall !newvid"""
MATURE,"""🖤Hello, i Woof and Punch💜 Partner Grind !lurk !Socials !wraith (ENG/FIN) *Mute*"""
SAFE,"""🏹Archery Forever!🏹 New Players Welcome! !Giveaways"""
MATURE,"""In the kitchen making chili and cornbread. Come in and say hi to me. Have a fantastic day! 😘"""
MATURE,"""[RO/EN] !hyperx back from vacation :D / I think I broke my main camera"""
MATURE,"""Dino Raiders !mods"""
MATURE,"""Daily Play To Earn (Sept. 20, 2022)"""
SAFE,"""WZ w/ my son | !rank !sr(songrequest) !id | Subtember?"""
SAFE,"""TUESDAY.. and i like you a lot - !tiktok | DK | !BITS !GOAL | !social"""
SAFE,"""LET'S CELEBRATE TWINMOM! !giveaway !sponsor !mrbean"""
SAFE,"""FORTNITE SEASON 4 IS OUT NOW FORTNITE SEASON 4 LIVE EVENT, BATTLE PASS & LEAKS! (Fortnite LIVE)"""
SAFE,"""Tuesday Factory Time!!! Update 6 Going to EA noawww! | Continue work on the big save!"""
MATURE,"""(UK) 🎃│Baby Back Bubba│👻 !yt !sneak  #intothefog #shirtmysurvivor"""
MATURE,"""Apex Legends Collection Event & Open Lobbies!"""
SAFE,"""😎 Team Tuesday Time! Will We Beat Hard Levels Today? #TS #TJ #TF Mix in Viewer Levels TOO 😎 !add L3V-3LC-0DF Happy B-day Virgold!"""
SAFE,"""COD DMZ, but better ◾ !SNEAK !EVASION"""
SAFE,"""(mostly no mic) focus with me ! co-working 🌻🍂✨"""
SAFE,"""Eula in Sumeru - Let's See What the Archon Quest is all about..."""
SAFE,"""Loser POV"""
SAFE,"""[Austria 🇦🇹] Day 7 Europe Trip Last day in VIENNA🐤 !dream !guest"""
SAFE,"""[EN/SG][SEA/Aquila] 263 Bishop | 9.30pm Will practice run >< | Follow me on TikTok :D | !social !discord !comms"""
MATURE,"""Chillin, Killin || Insta: Chichises"""
SAFE,"""Return to Monkey Island! • !Beyond !YouTube"""
MATURE,"""(drops)🌸Console or PC?✨🌈New Housing? Let's see! (PTS)🦋"""
MATURE,"""PS4 MWII BETA LAST DAY!!! | @SilenceArsenal on all socials | !aim !discord !socials !guns !mw2"""
SAFE,"""Zoinks! Looks like we've got another mystery on our hands... | !update"""
MATURE,"""💚 Thicc mommy Tuesday - [ ENG ] !discord !twitter 💚"""
MATURE,"""[SOLO NM & CHALLENGES] !discord !yt"""
SAFE,"""UK | 🚑 Nurse Skitz 🚑 | District 10 RP |"""
MATURE,"""All day loonnnnnng  !seminars ONLY $60  day 60 $10,000-$100,000 !challenge !kilarney !charts !paddy"""
MATURE,"""Fresh Tracks"""
SAFE,"""Random Seed All Bosses Speedruns!"""
SAFE,"""🔴 Crazy Experiments - WTF Do I Even Call This Build? !profile !filter"""
MATURE,"""18+💜 Imma *Soup* Slurper 💜"""
SAFE,"""Rise and grind! <3"""
MATURE,"""[vtuber] 🦀🔪🗡️🦀"""
SAFE,"""Melly Banks Got Content Creator! ""Chaii's Son"" | District 10 RP | TOXIC SUBATHON DAY 50 | !redeem !chatrate !giveaway !clip"""
SAFE,"""Finally MMO time, no hour andy plays eso"""
SAFE,"""chill parkourrrr"""
SAFE,"""🌟MCCI w/ Viewers |❤️️| !host !discord !qotd"""
SAFE,"""[PvP] [PC/EU] Tuesday BGs, All Classes"""
MATURE,"""$Switcheroo Wagers w/Feef, Warsz & Blazt | 5.5 KD | !socials !YT"""
SAFE,"""GGBet World League 2022"""
SAFE,"""Hello Ley Line Overflow EN/JP こらこら😨"""
SAFE,"""Leap - DROPS / !discord !unstoppable !vpn !0x"""
SAFE,"""Giant Bomb Infinite: Videos All Day, Videos All Night"""
SAFE,"""!Drops l Horse Update Tomorrow Pog l !wraith"""
MATURE,"""EU STAGE"""
SAFE,"""Account Help and Abyss - ParaDew Waiting Room - AR 60"""
SAFE,"""👾 TAS Variety Stream | Now: [TAS] GC Ikaruga  maximum score  by keylie in 2129.4"""
MATURE,"""Chill songs and Loops! Only allowed to enter if you like pizza hihi !ep !sl !sr"""
SAFE,"""Lord of the Rings Painting! And some Harlequins - Warhammer - Lotr - Subtember discounts!"""
MATURE,"""Elden Ring First Playthrough (Day 11) !Anulus !Hello !QOTD !ROTD"""
SAFE,"""unhinged and cringe, commit crimes on Dark souls with me !discord !socials"""
SAFE,"""LIVE: FOMC DAY ONE| THE MASKED INVESTOR SHOW [AMC/APE & THE MARKET]"""
MATURE,"""ASMR | your terrible gf is talking shit to you in bed again | kisses, earlicks, jerky comments <3"""
MATURE,"""⚡️Week 2 Assignments⚡️| ☘️ Irelands No.1 Sniper?! 🔥| Warning Irish Banter & Cursing"""
MATURE,"""[AUS] She Hulk SMASH! #SCUM 40% OFF!! !server MURDER.INC🦘"""
SAFE,"""Take two 🥲"""
MATURE,"""𝗰𝗿𝘂𝗶𝘀𝗲 𝗰𝗼𝗻𝘁𝗿𝗼𝗹 𝘀𝗼𝗹𝗼𝘀 👾"""
SAFE,"""🌸Let me be your radio | !sl !discord🌸"""
MATURE,"""✨🎨 art & chat 👩‍🎨✨"""
SAFE,"""1v1 RM 2200+"""
MATURE,"""SUBtember Vibes!! HOST UP!! (2000+ Resurgence Wins)🔥 #NevahLost #N3VA4| September Sub Goal 67/100"""
MATURE,"""(sleeeep)--NEW Channel Point Reward---20k points for Full TT Fist (10ped) value"""
SAFE,"""Racing Cars in a Parking Lot - 1795"""
SAFE,"""WAITING FOR BISCUITS I @C0Mtweets !video"""
MATURE,"""FORTUNES RUN - Realms Deep Demo Dive"""
MATURE,"""[Artemis] Lets a hang out [!GG] [!Arty] [!Two]"""
MATURE,"""🌸720GS Comfy🌸Uncapped !Subathon Day 19🌸Ring grind 2/5🌸 !olun🌸BDO Partner !subathon🌸"""
SAFE,"""15-20 Viewer/Community Keys - Marbles - !discord !community !twitter ARAM while servers are down"""
MATURE,"""🦖Journey Through Time | 1,000 Subs this month?"""
MATURE,"""[NA Reboot]Foot healing | 272 today! | Boss Mules | Totem | Oz | !exitlag"""
SAFE,"""FREE🤑ROBUX🤑!join"""
SAFE,"""Kings Fall helps now, Kings Fall Master at reset! - !Rogue !Fractal"""
SAFE,"""💀👻🎃🦇Spooktember Spooks 2: The Spook Strikes Back!💀👻🎃🦇 Mwahahahahaha ~ ψ(｀∇´)ψ - Belle escapes the Asylum!"""
MATURE,"""Final tables hunting!!!"""
SAFE,"""UNCAPPED SUBATHON DAY 3🟩1000 V-BUCK GIVEAWAY EVERY HOUR🟩NEW SEASON🟩VIEWER GAMES AND MORE🟩"""
SAFE,""""""
SAFE,"""!SLEEPING | DAY 5 | UNCAPPED SUBATHON | !300kpack | !subathon | !yt | !cloak |"""
SAFE,"""♡ D10 Luna ♡ | Nalu Got Whitelisted | ♡ Hola Amigos Lets Get It Started Together ♡"""
MATURE,"""Wake up mr freeman. gotta go to school"""
MATURE,"""Tub stream!!!!!!"""
SAFE,""""""
MATURE,"""BEST HOT TUB BIKINI MOMENTS - RELAX AND ENJOY madihunni amouranth alinity melina (rerun)"""
MATURE,"""🇬🇧 [NON RP] GTA 6 Discussion Club [PS5] - !join - !allkey"""
SAFE,"""1 SUB = 1 PUSH UP TURN UP TUESDAY / EVERYONE IS WELCOME"""
MATURE,"""early morning grind time 💚HUSTLE💚#2kNextMaker   !s !clan !sub #PARTNERGrind"""
MATURE,"""coffee+picross -> The Complete Super Mario Bros. 4 in 1 Game Pak !"""
MATURE,"""(AUS) GOD RARE CHASE !RUOK CHARITY AUCTIONS & CLAIM SALES + LOST ORIGINS & EEVEE HEROES | TANTALIZING TUESDAYS |!shop !discord !cardstars"""
SAFE,"""Tunesday Tuesday / New Tunes in Trance & Progressive"""
MATURE,"""[SEA] 723gs | musa nodewar run it down"""
MATURE,"""hey shawty │ !socials !glytch !subathon"""
MATURE,"""👍Tuesday TUNES and Runs👍 | !SUBtember #RogueEnergy #tweetfleet"""
MATURE,"""Morning Trials in weekly reset!"""
SAFE,"""30 TREASURE ISLANDS PLUS NEW!!! - !find & Villager & Item Request + Max Bells + Achievement Fix! !rules !dodo !maps !discord !prime !trad"""
SAFE,"""Psycho Fox Girl Cultists in a Mountain Base | RimConnect | !goal !colonist !discord !yt"""
SAFE,"""Frag NY session crypto funtime !tealstreet"""
SAFE,"""come say hiiiiii | !discord !socials"""
MATURE,"""18+| Musk! now fog form (ÒwÓ)"""
SAFE,"""(PS5) Get Grounded - 4th Grounded Playthrough - Thank you Playstation for the copy!"""
MATURE,"""Why does everyone keep getting sick? wahhhh"""
SAFE,"""My birthday already??✿ | !emotes !age"""
SAFE,"""pc crashed  regular bull !drops BIGGEST VIBES ON TWTCH  !ayo !sens !specs !dabs !pass"""
SAFE,"""Gambling my Sanity; LIVE! | !rogue !pc !discord | XSX"""
MATURE,"""FDG Night 411 | Rock returns | Harbour RP NoPixel BBRP ALL WELCOME"""
MATURE,"""Cha focused on the bag [D10 WL] !discord"""
SAFE,"""Morning Arena with Fishy| !scuf !manscaped !org | FS Sticks"""
SAFE,"""This live stream you are watching is special. Not everyone can reach it. www.twitch.tv/gtvsherlock DONATE LINK https://www.paypal.me/gurhant"""
SAFE,"""gamin time"""
SAFE,"""💀NOPE!💀Subtember✨SUBS GET FANHOUSE✨!discord !links !fanhouse !merch !tiktok"""
SAFE,"""9k before ti"""
MATURE,"""[No Hope Teacher] [TR B4B NA Champ] Big Chillin"""
SAFE,"""Emeka Rose | HGA | Hydra | NoPixel WL | GTA RP"""
MATURE,"""Any Luma's?!? Temtem Master In Training! Radars. Rematches, BrEeDiNg?!?!"""
MATURE,"""HEYYO! SO WHEN ARE YOU GIVING ME GRANDCHILDREN?! !merch"""
MATURE,"""🐑 Cult of the Lamb 👁️ A wolf on sheep's clothing - Chill stream - !discord !links !pokestart🦌"""
MATURE,"""grandmaster ranked !config"""
MATURE,"""🐻 Platinum Giveaways! 🐻 !giveaway !copper !getcopper"""
SAFE,"""It's that time of the week again! New !YouTube video is out~ | !Schedule !VPN"""
SAFE,"""⚠️HI⚠️LIVE⚠️NEW DONO ALERTS⚠️ !alerts ⚠️ WOAH⚠️"""
MATURE,"""Gaze into the abyss"""
SAFE,"""Rebirth is gone again :( | !socials !pc !Tianna !Tianna2"""
SAFE,"""Walking in downtown"""
SAFE,"""[GAME DEV] Unreal Engine 5"""
SAFE,"""OMEGA MISFIT CLIMB!  --> NotFM Auto Battle update       !NEXUS !HUMBLE -   300+ INDIES/ROGUELITES A YEAR-"""
SAFE,"""🔥 !newvid 500 POP MONDAY WIPE DOMINATING/PUSHING FOR PARTNER/BLATANT SCRIPTING/16K HOURS/ /🔥 !join !DISCORD !SERVER"""
MATURE,"""Kirby Automata"""
SAFE,""""""
MATURE,"""Stacking all the  FOTD's w/ @Esteri | BEAN BOOZLED PER 5 GIFTED SUBS !Bean | !prime !Discord !Socials"""
MATURE,"""[UK/18+] Birthday Stream || Rose Petal In MRP || BikerBoyz ||"""
MATURE,"""Weekend Catch Up :D"""
SAFE,"""Cafe Cooking UK - Come watch me cook customers orders! DOTD: Honey BQQ Gammon !gammon !jump"""
SAFE,"""Jayratiiik brings you CARROT SOUP"""
SAFE,"""GERMANY MAIN IN MP  | !video !discord !mod !emotes !sr"""
SAFE,"""Hey man, don't you touch my belt!"""
MATURE,"""🚨 CHILL MATCHMAKING VIBES (′ꈍωꈍ‵)🚨 !quit !key !xdd"""
MATURE,"""Let's See If I Can Live More Than 1 Day! | !Rogue !GPortal"""
SAFE,"""🟥 7kd REBIRTH NERD 🟥 | !socials !sub !discord"""
SAFE,"""DaQuan James On BT | District 10 RP| 8k OTW GOING PRO | 💰SUBTEMBER GRIND💰 | SUBS 20% OFF COME SUPPORT! | 🔴BIGGEST GRINDER ON THE PLATFORM"""
MATURE,"""Pure Nhing | MANDEM TUN UP"""
SAFE,"""RIX SEVEN legend Q"""
MATURE,"""[CC][ENG/GER] RADIOUS IMMORTAL EMPIRES! :D !decal !fractal"""
SAFE,"""Going for Rank 1 | 4400+ Wins !controller !pc | Twitter: @HustleJW"""
MATURE,"""BigDaveyTV Old UK comedy shows (Red Dwarf, Blackadder and others) !now !series !shows (C) C4, BBC and Dave (Warning non PC content, 24/7)"""
SAFE,""""""
SAFE,""""""
SAFE,"""FROG LIKE REFLEXES 15 CS/M FIGHTING 1vs9 150% WINRATE NEVER SEEN BEFORE [MAIN CHARACTER EVERYGAME] HOW DOES HE DO IT? FIND OUT!!!!"""
SAFE,"""Играю с сабами! [ru/eng]"""
MATURE,"""#FakeRadioShow | Already Kinda Weird |2 Days Until Autumn"""
MATURE,"""👾The Sims 1👾Rags to Riches👾ep3  !challenge"""
SAFE,"""Options Trading - Some current open positions. Looking to trade more mid week after interest rate announcement."""
MATURE,"""=[!!! ★WHAT THE FUNK★ !!! ]= COFFEE GIVEAWAY - YVDSLT 37"""
MATURE,"""|| **FLASH/VOLUME WARNING!!** 18+ ONLY  || [Lvl 49 BEAR] 7.2K+ hrs ||"""
SAFE,"""5-10b COMMUNITY DEATHMATCHES WITH GIVEAWAYS WE PRINTING"""
SAFE,"""SASSY AUSSIE - come say Gday   !socials"""
SAFE,"""[No Summon Run] We continue getting clobbered Elden Dung w/ Mommy Malenia + HK 112% run later + Bit alerts 100, 200 & 1000 !7tv !discord"""
SAFE,"""CPL Teamers"""
SAFE,"""top1 player in Serbia !insta"""
SAFE,"""IM BACK!!!! I FREAKIN MISSED YALL!! LETS GOOOO <3 | BILLY BOUNCE GANG 4L |!play !socials !vegan !fruit"""
SAFE,"""S U B A T H O N ... MINECRAFT || USE CODE HOUSE #ad !today !giveaway !subathon"""
SAFE,"""Warzone Vibin'"""
SAFE,"""NEW FACTORY! Redesigning the starter base !challenge - !sr Stream Raiders - Family friendly"""
SAFE,"""Good Morning Coffee and Chat :-)"""
SAFE,"""Vaat whynot back to challenger ? will he go for rank 1?"""
SAFE,""""""
SAFE,"""CeeJay - All talk no action! | !MnM RP ! | !Sneak | !discord |"""
SAFE,"""Kings Fall with You!"""
SAFE,"""Conan Exiles / PvE Comm. Server / No mods / Ep: 09"""
SAFE,"""SPLTV Presents: iuriomagico"""
MATURE,"""Keep me company while im feeling like poop, A cold caught me! !Community lets play with some new people"""
MATURE,"""Milking 2x Event l New Players Welcome!"""
MATURE,"""TA - FA - UOA | UnusualWhales.com"""
SAFE,"""Just say NO to Homophobia and Transphobia - DJ Set | 18+ *Epilepsy Warning* #House #Trance #Dubstep #DnB #HHC #Hardstyle"""
MATURE,"""18+| #DreamScapeRP | Tuesday Fishing  | The Angler |!discord !dsrp|  Bang day"""
SAFE,"""Roster lvl 201! 5x1500!?!?! !roster #8moredays - #4KFam"""
MATURE,"""STRETCH FIVE DEMIGOD!!"""
SAFE,"""First time in 20 years:)"""
SAFE,"""24/7 Classic Doom Speedrun Demos"""
SAFE,"""stream for hot and successful viewers"""
SAFE,"""⚠️GAMING CHILLIN⚠️ | Subtember Day 20 | welcome weebs and gamers anime"""
SAFE,""""""
SAFE,"""[PC] Tuestodd! That means tacos and Atom Shop reset! Yes please to both. | #GetRect"""
MATURE,"""NEW Seasonnn lessgooo || Trying out new Weaps ||Fill Zero Builds || !discord !epic - come hang!"""
MATURE,"""✔️Vanilla Duo!|Skin Giveaway's!|!rustypot !newvid Rust movie! !cactus"""
MATURE,"""I'm not leaving until I've raised $5,000./ Не уйду пока не будет 333 333 руб"""
SAFE,"""LIVE ASMR | morning mumbles <3 !socials !schedule"""
SAFE,"""95.7 The Game Sports from the Bay Area"""
SAFE,"""gunpla (MG Build Fighters Sengoku Astray (red frame))"""
MATURE,"""Ty 'The Human Heat Pack' Is a Namalskian - (Part 330)"""
MATURE,"""wrapping up some videos (pt 1 of potential 2 part stream)"""
MATURE,"""[Rerun] AVGN Marathon! • | Marathons! <3 Type !discord for media group"""
SAFE,"""mainnet!"""
SAFE,"""🎂 BIRTHDAY STREAM! 🎂 OPENING RARE CASES AND STICKER CAPSULES 🎂 CLICK NOW  🎂 CS:GO 🎂"""
SAFE,"""ROAD TO 18K! | MINECRAFT MORNINGS | ADVANCEMENT HUNTING | VARIETY"""
SAFE,"""Lounge - 12.3k / 16k LR (waiting for it to gather)"""
MATURE,"""|Demon Main|  Insert something clever here   !discord !yt !twitter !feedback"""
SAFE,"""U BETTER MAKE SURE I DON'T BURN MY MAMA'S KITCHEN (cooking stream chapter 2)"""
MATURE,"""🖤 Elden Ring part 2! - !newsong🖤 || !discord !socials !mh"""
MATURE,"""🦝💕// TWITCH EVENT!!! //  SHORT // RACOON VT // 💕🦝 // From JAPAN"""
SAFE,"""I'm a Screamer | !glasses | #IntoTheFog | 💖𝙈.𝙅.𝘽.💖"""
SAFE,"""DON'T BE UPSET | NEED SOME REST? COME HERE AND RECOVER | discord.gg/seal | !commands, !epicseal, !friends"""
MATURE,"""[18+] [Free Text To Speech] | The Only Jeff Main OCE"""
MATURE,"""MAGE PLAYTHROUGH?! | PARTNER PUSH <3 | !merch !pokestart !socials !myavatar"""
SAFE,"""[TOF GLOBAL] LV65 GRIND | UNIQUE CODE DROPS | !REDEEM OMGXTOF | !AIDACAFE 👉👀👈"""
SAFE,"""24h"""
MATURE,"""❤😍 TUESDAY LOVE GOING OUT TO ALL!😍❤  !coffee LET'S GOOOOO! Blessings and love to all of you! CAUSE YOU ARE WORTH IT!"""
SAFE,"""Tested on Humans Escape Room - ok this is scary lol"""
SAFE,"""Meteorian Corps | Marathon 🗓️!schedule 📺!youtube"""
MATURE,"""Small team striem | propping triads | MLO development | Team Gabz !team"""
MATURE,"""RATS"""
MATURE,"""HOTTEST HOT TUB BIKINI - COME RELAX TO THE BEST VIEWS - (ReRun) (Unofficial) - Melina STPeach Alinity"""
MATURE,"""Warzone Baddies"""
SAFE,"""THIS GAME IS AMAZING! [Drag Queen] #ad #PSPlus"""
SAFE,"""Mercy Enjoyer !NEWVID !hellofresh || !mercyhelp !social"""
SAFE,"""duo arena with brother I 26R Whofishy"""
MATURE,"""☆Get Sam to TwichCon-a-Thon is here☆ !subathon !amd !socials"""
MATURE,"""Smurfing! Start Bronze 2 30 LP [SRB/ENG]"""
SAFE,"""KARMA CRAFTED AND READY TO ROLL"""
MATURE,"""UIM Con gm !cg | @AriSlash"""
SAFE,"""best asmr :3"""
MATURE,"""The Return of the Potato. Voice=Gonzo. Cactus Cult."""
SAFE,"""Calm, Chill, Relax"""
MATURE,"""SUBtember! 🥳 Saturday ComicCon Ticket up for grabs! 👾 !sub !nixuh !socials"""
SAFE,"""!MUSIC DAY 83 UNCAPPED Subathon 🥳 | Aromatherapy OUT NOW | @_Ambish on Twitter/IG"""
SAFE,"""RANKING TODAY AND TOMORROW'S STARTING PITCHERS || FANTASY BASEBALL AMA || MONDAYS 1PM-5PM ET"""
MATURE,"""(Barri) Dice Roll Dungeons Day 4 !dice #NWcreator"""
SAFE,"""[DROPS] SMITE's #1 Controller vs KBM Ranked + 5 Sit ups Per Sub | !ChriSeptember | !Subs !Request !Mentor !Store !Apparel |"""
MATURE,"""RDR 2 NEXTGEN MODDED - DADDY MORP IS SICK! 😭"""
SAFE,"""Wishing you a Rock and Stone day :) . Twitch Spawns + 3 x Enemies! 4264 hours played.  #JoinDeepRock"""
MATURE,"""Max UIM TOA + Radio. No mic tonight. !bag !toalog"""
SAFE,"""New Patch! INSANE GrandMaster Support Ranked POV !socials !rogue"""
MATURE,"""iced coffee and chill"""
MATURE,"""I'm back! New Overlays :)| !commands | twitter.com/Henricomorton10"""
MATURE,"""(AU/INT) UNCAPPED SUBATHON TIME!!! DAY 4.. Cooking time!!!"""
SAFE,"""Cult of Lord Jagger [First Playthrough|Hard] - !pc !socials !alerts"""
MATURE,"""Tuesday Afternoon Jungle w/ The Middle Class Junglist. Testing out new records. Vibez inside!"""
SAFE,"""Suikoden 108 Stars - Good Morning RPG - !s1stars !ff6EXrace"""
SAFE,"""REPLAY/RERUN  💥  ❤️SEXIEST LATINAS ON TWITCH ❤️ BEST LIPs 👄 and HIPs on Twitch!  ❤️ LatinA  ❤️ 💥  Pure Colombian  💥  ❤️"""
MATURE,"""new event today?"""
SAFE,"""legendary klaudia solo"""
SAFE,"""fivem bls"""
MATURE,"""Captain Derp Is Back Running Towns & Cities, How Long Before Disaster Strikes? | !battle"""
SAFE,"""The Angler Tournament! It's Time To Kick Some Bass! | !discord !tiktok !youtube"""
MATURE,"""Grinding For Partner Every Little Helps  @Zomblers @Dubby @DrinkPOGGERS"""
SAFE,"""Wtf TFT -> New Patch on OCE tomorrow"""
SAFE,"""F3 @ Fuji - Say hello if you want 4x's"""
MATURE,"""🟡SnD with Followers🟡!Play !socials !codes #RespawnPartner #GamerAdvantagePartner"""
SAFE,"""as usual early ceda gm all"""
SAFE,"""doing the fort with all the lights❤️"""
MATURE,"""I give the best pets.| !wv | !S for links"""
MATURE,"""Namalsk w/ FreshSpawns  -  day 114"""
SAFE,"""who’s up ?"""
SAFE,"""🎉GIVEAWAY🎉 FREE SHINIES! SWSH BDSP PLA | Free Requests with YOUR OT! Shiny/Alpha! | !discord | !request | !help"""
SAFE,"""ZILCHY | ( ͡❛ ᴗ ͡❛) hey do you know the muffin man? | !hellofresh #ad"""
MATURE,"""Dinner chat + Genshin quest"""
SAFE,"""[24/7] Quick Match Spectating, Current Mode: Best win streak"""
MATURE,"""Have we eliminated our first cult? | The X-COM Files"""
MATURE,"""emo grill uses her 2 braincells - !throne !webtoon !wishlist !merch !youtube"""
MATURE,"""🍑+18🍑 Magic hands 🔥 Relaxing Massage💦 !youtube 👣🔥🔥🔥"""
MATURE,"""Sean ""Irish"" McQuillen - Redline - NoPixel WL"""
SAFE,"""New Bot! | AI Learns Rocket League | !whatisthis !rlbot !necto !tecko !ragnarok"""
SAFE,"""War Is Almost Upon Us. --- !sfx"""
MATURE,"""PS5 120FPS MWII RETURN OF PUBVIC AFTER T250| !RANK #1 VG SND PUB KILLS WITH CDL CLASS| !STATS"""
SAFE,"""Live with Restream"""
SAFE,"""TOP 1% CONTROLLER PLAYER | 10k WINS  #blessed | !socials"""
SAFE,"""Support Main - Paladins Partner | High level matches !party !join"""
SAFE,"""uh !discord"""
MATURE,"""CRUNK IS SLEEPING SHHH | SUBATHON DAY 20 !!!!"""
MATURE,"""Movement DMN Sniping !newvid !cmerch !dmnszn !id"""
SAFE,"""Apex and Trombone champ, also grabbing that Loba heirloom <3 [ENG/SRB] | !socials"""
SAFE,"""Twitch SMP, New Design Guardian farm and we need quartz🌈 !commands 🐺 #BMB #Minecraft #akliz #TwitchSMP💎"""
SAFE,"""🛑 WHO'S GONNA STOP? 🛑 !watchtime !casino !discord !light !music"""
MATURE,"""Blessed! 💪🏼📈 Contagious ENERGY!!  1Sub=Push up   !Sptc !wager Positive Vibe King! 921 day streak"""
SAFE,"""Casual Baron of Shell"""
SAFE,"""[18+] 💀STREAM ROOM DECORATED!!!💀 | !merch | !wishlist | !socials | !hover"""
SAFE,"""TUESDAY LETS GO !socials"""
SAFE,"""Trials😈 // 30% off subs // New !emblem // New !clan | !links | !prime | !subscribe"""
MATURE,"""[18+] SUBATHON DAY 6 | GOOD MORNING! | !discord !throne !subathon"""
SAFE,"""THE MOST STRETCHED RES SSL YOU'LL EVER SEE | !settings !tiktok !video"""
MATURE,"""Review Run: The Old Republic"""
SAFE,"""Team Tryouts tonight. Free skin giveaway !roll. !twitter"""
MATURE,"""Short Stream Q_Q | !modelreveal !socials !discord !exitlag"""
SAFE,"""Hunting Tumbleweed Spawners !discord !youtube"""
SAFE,"""[FIRST PLAY] 😈JOIN MY CULT 😈 | 🙏 PRAY TO MY TOTEM 🙏 | /w Twitch Extension!  | !subtember !bits | they/them |"""
SAFE,"""#1 NA Sharpshooter DPS | Expansion/Endgame with community! | !SUBtember !giveaway| PC 1440P Ultra RTX | Noob friendly! | !Merch | !Socials"""
SAFE,"""[EN] EU Arena! EZ 12!? !youtube !discord !music /// MrFrusko"""
SAFE,"""*WvsW* Necro Vendoll[Ng] 10k lvl/938k Kills"""
MATURE,"""BACK TO V-Tubing!? Might be a short stream cus i'm sick ;_; I Free Ukraine."""
SAFE,"""🔴 MASTERMODE 🔴 3 HEART TRIALS OF THE SWORD 🔴 | !DISCORD | !HOST | !TIKTOK | !YOUTUBE"""
MATURE,"""Captain Julie Lee | LSPD | NewDayRP | Hello!"""
MATURE,"""We Got Our Icon Skin! 🐈 | !socials !cc !discord"""
SAFE,"""Back On TSMP | !Twitchsmp !socials !discord !modpack"""
MATURE,"""Handholding Continues | Short Stream fr fr| !sr"""
SAFE,"""Feeling sick :( RATED PUZZLES WITH VIEWERS <3  | !yumon !subtember !socials !discord"""
SAFE,"""[Legacy] Legacy and Coffee [EN/PT]"""
SAFE,"""TWITCH DRAMA... & Speedruns + New Emotes :)"""
SAFE,"""cold hands debuff pt.2 👻20/20/20 beaten?👻"""
SAFE,"""S+36 Anarchy until class"""
MATURE,"""MIC FIXED? testing new mixer"""
MATURE,"""Flawlespool Trials Help Here! LIGHT SPEED I Happy Monday"""
SAFE,"""🇻🇳 [IRL] Vietnam, Ho Chi Minh City - First time in Vietnam, meeting Ninaneon - Saigon - English / Español - !Sub !Donate"""
MATURE,"""Spartan 2034 / !socials / !games"""
MATURE,"""(Huntress Main) I missed you guys! Short strim?! | !pp | !Discord"""
MATURE,"""BlueBirdRP | Johno Wilkins | Grinding Money| (28/30 Subs)"""
SAFE,"""🎮New Titan trying to find my way! | !AMD Red Team | Follow on Twitter @techniqTV"""
SAFE,"""fresh shit show !discord"""
SAFE,"""DamnSquad Morning Warcast Featuring BloodyEco"""
MATURE,"""| $1000 bonus hunt (shhh lets goooooo....) ! | 🎰💸 18+ | !discord"""
SAFE,"""🏝️ 35X 1.0/2.0 Treasure Islands | !rules !sub !donate !dodo !discord"""
SAFE,"""FFFFFF, new CPU but a lot of problems. Let's try a different thing. !nomic cause stressed"""
MATURE,"""#TingTing4Partner | SUB-tember!! with Ting Ting | OverTimeRP"""
MATURE,"""Highest MMR today.... :^) ✨🎃 | !Socials"""
MATURE,"""[All 4 ships] almost done getting classes to 60 on s1 today :3 | !discord !ships !playerid !currentship | (18+)"""
SAFE,"""Super Smash Brothers High Level Gameplay"""
SAFE,"""Not Her Jett Goes Plat?  !tiktok !commands"""
MATURE,"""THANK YOU FOR 6K! 🔥 5 NEW EMOTES OUT! 👉🏻👈🏻 | Meta Slave Enchanter & Mid Ahri ✨ Solo Q Td, Omega Strikers & Flex Queue Tmrw  💜"""
MATURE,"""The Morning After Road to 3K Live in The Posse Playground"""
SAFE,"""Rust Manhunt w/ Syn, Harvest, GoldyLachs & Valley | !manhunt"""
MATURE,"""[VT] Waking up slowly~ |Music and chill"""
SAFE,"""FiveM - HideoutRP - Dean Donahugh - Balla Gang"""
MATURE,"""[18+ENG/FR][LEWD SULTRY VOICE SUCCUBUS] Dead by Lewdness with MokyMoo !collab !partnerpush !horny [4192/5K]"""
MATURE,"""🦊 RE4 RANDOMIZER! What DOES the FOX SAY!? Mep!🦊(121 OOTEENI!) /VTuber/"""
SAFE,"""MADNESS DOUBLE KATANA RUN [VTuber] !tiktok !socials"""
SAFE,"""ending year 1 in staruwu | !yt !discord !subathon"""
MATURE,"""40th bday Dixperathon! TPC || !wildfire !DD !dixper !throne !addtime !retweet"""
SAFE,"""10K COMPSTAGE W/ BEST PG | !sub !sigs"""
SAFE,"""🏝️25%+ kills - SUBtember! 🏴‍☠️ $RPG & PCG - !kindergarten"""
SAFE,"""🍄 29X NEW Treasure Islands! 🍄 1BN Turnips EVERY ITEM A-Z islands | !rules !maps !dodo !turnips !villagers !discord !sub"""
SAFE,"""カスタム練習配信"""
SAFE,"""🔥 GM Drakoniņi 🔥!gw !elo 🔥 SUB GOAL 98/100 /DELAY 20SEC🔥"""
SAFE,"""Blockchain or Bust -  Ayooo! Jump maps + buildin Halloween map <3 !zeta in chat + 1pm shooter! <3 Support-> !yt !calib !dennis !sg !xborg"""
SAFE,"""V1 KILLER GG4L  |GG PLENTY | GRIZZLEY WORLD WL | !discord !social !Sub FREE THE GANG"""
SAFE,"""9hrs to go for 500hrs straight on stream KEKW"""
SAFE,"""ERM QUALIFIERS TOMORROW LI DAILIN TRAINING ARC TODAY | NP !giveaway later | !rank !challenge (1/3) !exitlag [ER PARTNER]"""
SAFE,"""[Modern] Fable of the 4c Artificiers! !deck"""
MATURE,"""100+RACES GRAND PRIX + BR's // SR // PCG // 18+"""
SAFE,"""getting coached by the legendary zananananan !tippers"""
SAFE,"""rage stream+18.rage stream.24 H.NEW  SEASON RANK PUSH TO CONQUEROR!sub  !yt"""
SAFE,""""""
MATURE,"""All Skills 1432+ WR attempts !asrekky !aspb"""
SAFE,"""+18 [ENG] Lobera - Talera - Vunira"""
MATURE,"""[PERTH] The SPIRITUAL Successor to SKATE - SESSION: BETA TEST - Oh my! | !raiders"""
SAFE,"""The Chronicles of Aelwyn | River Run - Episode 8 [D&D5e]"""
SAFE,"""chitty chat and a splatty splat"""
SAFE,"""FORTNITE WOOOOOOO !subathon | !pacify !spicychip !lilwhip | !socials !discord"""
SAFE,"""Gt Sports Leagues TV3"""
SAFE,"""I WILL BECOME TOP 10 | !infernopb"""
MATURE,"""!subtember Loads to do today! Time to hit goals!   Giveaway at 300 Subs!! !shop !social"""
SAFE,"""Fish fear me | SUBtember ✦"""
SAFE,"""TARKOV?...SORRY....TARKOV?...SORRY"""
MATURE,"""Taking to the Skies!"""
MATURE,"""🇮🇪BULLY PS2🇮🇪  💦FIRST TIME AMATEUR GETS POUNDED IN BULLY💦 !podcast !karaoke"""
SAFE,"""🤜✨Comfy Cozy Tuesday? ✨🤛"""
MATURE,"""PC Division 2! Happy Not Monday!!  !chair !satlabs"""
SAFE,"""WZ2 Waiting room / winging it  | !announcement @YKTDeleo"""
MATURE,"""Zelda: A Link to the Past Randomizer - Mystery seeds"""
MATURE,"""PL140.82 ''NO MIC' NO HELP'.  see where stw takes us today"""
SAFE,"""Official 2.6 Waiting Room !javy"""
SAFE,"""pepeLaugh (BatMan)"""
MATURE,"""BIG VIBES | HCS ORLANDO THIS WEEKEND | LEAVING TOMORROW - !COACHING !MERCH !OVERKILL - 381/385 SUB GOAL!!"""
MATURE,"""come say hello its my first day using English to stream  !kraber2 !wingman2 !景輝"""
SAFE,"""Philippines #Tekken7 OFFLINES Stream! Players from all over the world!"""
SAFE,"""[PS5] Regretting My Santa Barbara Choices - Grounded Per Chapter Completion?"""
MATURE,"""!cg - Waking Up With LeftyROFL"""
SAFE,"""Welcome, Feed and enjoy watching the ducks."""
MATURE,"""(LVL68) ""strimmer where rouble?"" idk I only think about HER..."""
SAFE,"""[ENVTUBER ♡ ] I NEED LOBA'S HEIRLOOM | !discord !hug !socials | #387"""
MATURE,"""Just Vibing™  | 18+ | !blind !merch !throne"""
SAFE,"""✧1st Playthrough, *Non-lethal* & *kidnapping* ONLY! 🚨✨SUBtember✨ !throne"""
SAFE,"""Fortune's Keep Demon🔥 !sub !yt !twitter !cinch"""
MATURE,"""[18+]🐻PokéMonday! (ignore it's Tuesday)🐻[ENG/CC] | !qotd !pronouns !shops !kofi"""
SAFE,"""[UK] ACHIEVEMENT HUNTING | !socials | #Killermain #ShirtMySurvivor"""
SAFE,"""⌜COLLAB⌟  ✦ chill work stream with Théa ♡ !collab !multistream !commissions !tools !who"""
MATURE,"""Armani onna come up! | Trenches RP | Lil Durk's new server day 15! | !newvid !spotify !twitter !stream !discord"""
SAFE,"""Escaping dumpster AMA !rdag !playlist !lambyrogue !rogueguide !coaching"""
MATURE,"""the bestest survivor, promise ( subs can ask to join <3 ) :3"""
SAFE,"""Leader of Toman. Short stream before patch"""
MATURE,"""WATCH PARTY - KUNG FU/SAMURAI/NINJA CLASSICS 24/7 !movie"""
SAFE,"""worst female warzone player ☻ | !pr !kd |"""
SAFE,"""Copyright Free Music - EDM Radio !edm [OWN3D Music]"""
MATURE,"""Breath of Fire II: New Shamans, new transformations, and time to put an end to Eva ! Day 10"""
SAFE,"""[FR/ENG]THE LONGEST HOTS STREAM EVER ?  8 day of stream NON STOP -->Karaoke = fail NGL ?"""
MATURE,"""🔴First Play: Sword - 2nd Pokemon EVER⚪"""
MATURE,"""3 Great Ones on the map! | !TikTok | !Discord"""
SAFE,"""24/7 Community Sesh | Cannabis & Gardening | TBLTV | !howto !socials !discord | Been Live almost 4 years!"""
SAFE,"""[ Twilight Edge EU ] Making a Warden alt and then more gearing."""
MATURE,"""[Day 10] Subathon (1 Sub = Add 10 Min to Timer) !thon"""
SAFE,"""More OG GOD of WAR! Let's continue!"""
MATURE,"""Nopixel | Sgt Kozlov | TAC Team HVTU SWAT"""
MATURE,"""FPS Boomer shoots children trying to enjoy school holidays no build edition"""
SAFE,"""Tiki & Tierney on WFAN!"""
SAFE,"""Nvidia Special event cough cough click here !PowerGPU"""
MATURE,"""Queue simulator :) 𒑰  !discord !socials"""
MATURE,"""I'M BACK AND WE ARE GONNA FALL OUT [ENG/PC]"""
SAFE,"""Getting the verrucky suckyyyyy"""
SAFE,"""🌆 study with me 🎓 LoFi Radio 📻 talk with me on discord 🎙 [Eng/Ger]"""
MATURE,"""overwatch with cherry hehe /!socials/ !donate !merch"""
SAFE,"""Im in Class Nice.... | !Vegas Giveaway | #1 In the World for Executions | !rules !vg |!Server|!travelRAGS"""
MATURE,"""Lighthouse Speed Run 100% Completion Only | !goforgold To Say F Cancer! | !discord !socials !tiktok !nut"""
SAFE,"""NEVER UNDERESTIMATE YOURSELF!!! #TheCompany #clockin !video !twitchcon !chair !glasses #ad"""
MATURE,"""253k kills #1 Pathfinder all plats"""
MATURE,"""4 way Eden Streak! Shenanigans and good RNG!"""
MATURE,"""Doodles to End Stream"""
SAFE,"""eBasketball NBA 2K22 CLA UA Division"""
SAFE,"""[ENG/PH] DELOS: OPR  | !ig !nwmarket"""
MATURE,"""[NA SC LADDER][TUESDAY BEING SICK BLOWS :( LETS GET IT ANYWAY!!!, CBAALS, TRAV, SPLITS][97 ZON][95 BARB]"""
SAFE,"""First playthrough of RE 🥀 | !Discord !RE4"""
SAFE,"""104.9 The Horn"""
SAFE,"""CPL CONNOR STUBBLE |  NoPixel 3.0 WL | !Schedule"""
MATURE,"""waiting for the Toe King to raid me"""
SAFE,"""Texass?!"""
MATURE,"""⛏️New Beginnings⛏️ Idk this game so expect the max scuff & screams xD [!socials]"""
SAFE,"""COOLEST CAPTION EVER IT MAKES YOU WANT TO COME TO THE STREAM ʚ♡ɞ !socials !youtube"""
SAFE,"""drawing( no mic )"""
MATURE,"""(UK) New player advice! - !Sneak !Tips !NewVid !Playlist- Friendly Interactive Tarkov Community"""
SAFE,"""anou .. ♡"""
MATURE,"""Soloq ranked to✨MASTER ✨ !socials"""
MATURE,"""【Pokemon Drawing Stream! Pokethon】!donothon"""
MATURE,"""Hullo - !throne !commission | Imaginary Friend Vtuber |"""
SAFE,"""Focus with me and Satie for 4+ hours | pomodoro technique 50-10 | co-work/study with me"""
MATURE,"""I did a lot but nothing you can see | Subtember 20th!"""
MATURE,"""🪂!DROPS✨Chronically-ill & Got No Chill!🥶[ENG/XBOX/NA/CC]"""
MATURE,"""#693 9.19 24/7 INTERACTIVE CHAT WORLD NEWS, COPWATCH, RIOTS, PROTESTS, CURRENT EVENTS & MEMES!"""
SAFE,"""WARNING ⚠️ MAGE IS THE BEST CLASS IN DRAGONFLIGHT: THIS IS NOT A DRILL ⚠️ NO CAP ON TWO STACKS ON GAGA ⚠️"""
MATURE,"""SIXPACK! || !foxshop || !foxmerch || !youtube"""
MATURE,"""Duo rusters smile"""
MATURE,"""12 HOUR STREAM 🚨 VERY INTERACTIVE STREAMER! 🚨 Rebirth Reaper! 1500+ Wins! 46,000+ Kills! MERCH OUT NOW !merch [Sub Goal: 351/400]"""
SAFE,"""Age Of Oblivion💀Permadeath💀Nightmare💀Insane💀Feral Sense"""
SAFE,"""bad at val | Iconic RP | !insta | !discord | Road to 250 Subs! | 20% OFF SUBS!"""
MATURE,"""Sloop PVP | Bananas Are A Sign Of Peace. Offer A Banana!"""
SAFE,"""Lions of the North: Teutonic Order  !headphones"""
SAFE,"""""It's amazing what you find you can do if you just try and go at it fearlessly."" Join me for Solo Guitar Instrumentals from Houston, TX"""
SAFE,"""eBasketball NBA 2K22 CLA UA Division"""
SAFE,"""Fortunes Keep Solo #1 Grind | !Subathon | !Subtember | !socials | !ads"""
MATURE,"""More Potion Permit!  Re-Debut October 12th! !Throne !Tip"""
SAFE,"""☕️SUBATHON☕️ (DAY 20) MEDIA SHARE WHILE I REST coffL | !subathon !newvid !socials !twitter !tts !sr"""
SAFE,"""Live 24/7 🌐🌎📶 By  Chele HD"""
SAFE,"""👑 FALL GUYS CUSTOMS 👑 (ANYONE CAN JOIN) !code 💰 GIFTED SUB GAMES 💰 - !subtember !marcelo !linktree !prime - All Socials: SpliTzRH"""
SAFE,"""World Series of Empire Wars vs Saymyname"""
SAFE,"""Back in The Lands Between today, bit of exploring and probably many deaths. But also much waffle so not all bad. !oodie"""
MATURE,"""Golf with chat | !join | !social | !discord | !rank [Vtuber]"""
MATURE,"""meow meow  | !twitter !tiktok"""
SAFE,"""The Anthony Gargano Show on 975 The Fanatic 9/20/2022"""
MATURE,"""Doctor Tipper - Healer Build | Casual AF Paddle Ball | Season 10 The Pitt | lvl800+ PC | Playing with Viewers"""
SAFE,"""18+ OSRS MARBLES!! 100M+ GIVEAWAY/ BEST CHANCES OF WINNING  / EARN POINTS IN CHAT / !POINTS !GAMBLE !SLOTS !DISCORD"""
SAFE,"""1 WEEK SUBATHON (DAY 1/7) !zleague !donate !socials"""
MATURE,"""Tara's away for 3 days, Come hang out!  || !YT || !CHOON || SUPER PEOPLE HYPE ZONE"""
MATURE,"""eating brekkie then fortnite grind oh yes | !twitter"""
SAFE,"""Comeback Stream! Free lullabbies to randoms in val | !tiktok !youtube !discord for more content + events~"""
MATURE,"""Full Time Part Time Streamer | Likkle bit of 2K #HennyThingIsPossible #BreadIsLife"""
MATURE,"""starvation gameplay only🙏 | welcome to the cult of the bulge | !discord !id !tinder"""
SAFE,"""188𝘬+ 𝘒𝘪𝘭𝘭𝘴 / 𝘨𝘰𝘰𝘥𝘯𝘪𝘨𝘩𝘵𝘱𝘶𝘯𝘱𝘶𝘯 / !killgoal"""
SAFE,"""24/7 Walking Around Japan - Chill Beats Radio"""
SAFE,"""SOUND DIRECTIONS (POP) :: Selections by Johnny Lopez. Toronto, Canada."""
MATURE,"""!join PRO CLUBS RANDOM POSITIONS w/ VIEWERS !lurk"""
SAFE,"""#RIP DAAA QUEEEEEEEN <3 #STANDARDS <3 #LFGR <3 #RaveStylesKrew #Misfits #HARDCORE #KRAYYCOORREEE"""
SAFE,"""Bregdha: Medium density areas / Perhaps some more farms!"""
MATURE,"""oh hi ~ | !yt | @SKUMgaming"""
SAFE,"""YBN LS PG-13 VODS | @craeooo on twitter & ig"""
SAFE,"""[DROPS] Hibernation gaming nation 😴 [Viewer Games] | !throne !Ukraine !discord"""
SAFE,"""SEMIFINALES SPIRIT ESSENCE 2022 MADRID"""
MATURE,"""We Picking a new game AGAIN !rankings !gamelist !newvid !discord 🥑"""
SAFE,"""73 Years Old Cowboy , 1.2+ Million dollars, over 6+ K in gold, Level 947+ and over 11,100 hours played!"""
MATURE,"""👻 Debbie Delight  x  Rank Resweat 👻"""
MATURE,"""Steel Division 1v1s | WoWs Community Games at 18:00ish"""
SAFE,""".."""
MATURE,"""BEST FORTUNES KEEP PLAYER OF ALL TIME (jk) / !Merch !Sneak"""
SAFE,"""--== ᴄᴏᴍʙᴀᴛ ᴠᴇᴛ ɢʀᴏᴡ ꜱʜᴏᴡ ==-- [ Syn's Intense Intents in Tents ] {18+} <> discord.gg/UrbanGrowers <> 24-7 / 365 / 420 / 207"""
MATURE,"""MASSAGE ASMR 👅💦  COME TO RELAX AND SLEEP 😴 | 24/7 LIVE !commands"""
MATURE,"""[ENG] painting | !whodis !mac"""
MATURE,"""!rip (S4) (SSFHC) Magehunter revenge then prep for elite! (show 912)"""
MATURE,"""SUPERGLIDING INTO FULL SQUADS │ 119k+ Kills PC │ movement exploiter │ !rogue  !tiktok"""
MATURE,"""【JP/ENG】💗Art stream - Color part -💗 (*'ω'*)♥291回目💗 !collab !social !discord !raffle"""
MATURE,"""<Method>  BDK solo tanking | Helping people getting their HC Sire kills"""
MATURE,"""Better Titles Than Most | 6 PK |  !store !gdc !socials"""
SAFE,"""NEW DROPS - Lost Ark - POV when you realize you..."""
MATURE,"""Carrying on from Velkhana First Playthrough (Open Lobby !id)  !discord !steam !clip !merch  (UK), PC)   Join & Chat 18+"""
MATURE,"""Im Not Real, I think I never Was"""
MATURE,"""IMPs are my ultra-nightmare"""
MATURE,"""[AUS] Club Sunshine let's go! And other stuff too probably | First Playthrough | Yakuza 0"""
SAFE,"""FUN-RAJI【ファンラジ】 70～80's FUNKを中心にDJ MIXを配信中～🤘🤩♪"""
MATURE,"""[PC] Just VIBING (˵ ͡° ͜ʖ ͡°˵) | 18+ !tip !aim !horizon !song !brain"""
MATURE,"""Juan l Vagos l NoPixel WL l  !discord !merch"""
SAFE,"""UIM TOA !TOA !Bloodhound 41/51 !pets !bag"""
SAFE,""""""
SAFE,"""Final Fantasy 7 Remake + Yuffie DLC PT2(Sem Narração)(No Mic)"""
SAFE,"""[Day 11] Running errands for mummies. That's my life now. | !spookygames !whosquakey !earlybird"""
SAFE,"""🔴 food & cook 💚 - Live 24H/7 🔥🍯🥩🍳"""
MATURE,"""DAY 3: Making the Oziris Guide into a plugin BUT UPDATED !radplugin   !rules !NoAds"""
SAFE,"""💀REVIEWING SURVEY TODAY💀 MORE DRAMA💀TWITCH CRUMBLING💀"""
SAFE,"""Get Any Shiny Pokemon Free Fast Giveaway - Type !Trade Ditto or !Guide - Shiny Pokemon Link Trades BDSP - ShinyHub.TV - !Patreon"""
SAFE,"""Captain On Board! GTC at 5pm 🌟 NEW X4 T-Shirt available -> !x4tshirt 🌟 EPIC: CAPTAINCOLLINS"""
MATURE,"""Poker Night Episodes 24-7!"""
MATURE,"""[ Comet me bro! Caves are scary! ]  🚀🌌"""
SAFE,"""NVIDIA EVENT @ 11AM -24HR !Donathon on OCTOBER 1ST! - $3 TTS !Donate - Follow @EthanBenard on Twitter"""
SAFE,"""UEFA Champions League"""
SAFE,"""Group MF Farming !apo | Teaching Viewers | !yumon | Positivity & Good Vibes"""
SAFE,"""www.choicefm.uk"""
SAFE,"""💜 SPECTRUM GODS HEAR MY PRAYER LET ME STREAM TODAY 💜 !youtube"""
SAFE,"""DEV STREAM - come and say hi"""
SAFE,"""Were BACK! Your Tuesday Morning WAKE UP!  3.2 KD, 80,000 KILLS, 750+ W's; 20 YEAR MnK Veteran; !commands !socials !PR !merch"""
MATURE,"""💥Variety Rips💥 !subtember | PKM, WS, Lycee, DGM, Z/X, DBS and more !shop !help !bounty !shipping"""
MATURE,"""The loneliest ghost hunter in the world"""
SAFE,"""Telemundo en directo-> www.TeleBlanca.com"""
MATURE,"""#F1 #CareerMode #Coop"""
SAFE,"""RE65 prototype build stream"""
SAFE,"""Power is back up at my home! lol Let's Battle - Still Road to Veteran let's attempt some climbing in UL/ Weather Cup!🪜🪜🪜 🚶🚶"""
SAFE,"""Azteca Uno en directo-> www.TeleBlanca.com"""
SAFE,"""【mbXtreme】| RBG & ARENA | FARMING GEAR!"""
MATURE,"""Watch Live: Pike County Massacre Trial - OH v. George Wagner IV Day Seven"""
SAFE,""" """
MATURE,"""1+1 LEGO Sacred Sacred Event! GL Mkes! [3YEARF2P][EndGame][!join for takeover][!sr]"""
MATURE,"""[ENG/GER]RF4 Tuesday Trophy Hunt today at Volkhov !rules/!regeln !cddwheel"""
MATURE,"""【🌙🦨 】Day 2 of 2 year Anniversary Subathon || Spicy Q&A || 【AUS Vtuber 】 !twitter  !sl !discord !clip"""
SAFE,"""24/7 with A State Of Trance! The best in Trance and Progressive, Non Stop! #TurnTheWorldInToADancefloor"""
MATURE,"""Chewsday innit | !mc !kofi !played // TTS 100Bits+"""
SAFE,"""Yo Chat We Eating?"""
SAFE,"""💥THE KHAN OF EUROPE💥GENGHIS KHAN REINCARNATION💥KX100%💥BULGAR"""
MATURE,"""Boomer Yoru Content   | 115/300 <3 !sens"""
SAFE,"""ᵁᴷ First time playing! 😍| !charity | !beyond | !empire"""
SAFE,"""return of the smoge king"""
MATURE,"""[#10] ""Walls and Shadows"" - Assassin's Creed Valhalla | All Missions [PC]"""
SAFE,"""TwitchSMP | The Grande Staircase | !twitchsmp !meloncube !discord"""
MATURE,"""🔥TWITCH DJ'S TECHNO RAIDTRAIN🔥[DE/ENG]"""
MATURE,"""Vault Hunters - Pushing for lvl 300, this is sparta! - Day 83 !Vh !Huh - Private SMP"""
MATURE,"""Tiny The Printer!! #nodaysoff 💎!Cherry 💎!Links for all LINKS💎Simplebonus.com💎"""
MATURE,"""(AUS) Internet is back ... for now | !commands !dixper"""
MATURE,"""[18+] Chilling to videos before hooking survivors | !seisont !discord"""
SAFE,""".・ahyuck? ahyuck ◦ ☆ !throne !tip !patreon"""
MATURE,"""radiant grind"""
MATURE,"""Freebie-Time Continues !throne !socials !kofi !giveaway !freebie"""
MATURE,"""Sparkle | NoPixel | No Sleep"""
SAFE,"""Farming elo with Ivern technology, D2 ALMOST MASTERS"""
SAFE,"""am I removing the boops?"""
SAFE,"""Hypixel Ironman- Dungeons edition| Ironman coop | Hypixel Skyblock | !discord | #RazerStreamer"""
MATURE,"""They Did Not Know About Disease Until The White Man Came"""
MATURE,"""Randomiser Shura ending any% ""Speed"" run lol ||| !discord !podcast !band !song !shirt"""
MATURE,"""Come In and say Hello🔥 NEW YOUTUBE CONTENT 🔥 !patron !doc #RazerStreamer"""
SAFE,"""(WOTC CC) - NEW WEEK - NEW TANK - NEW SUBAWAY! - VR: Nominated for an EMMY AWARD! (8.6 IMDB) EMMYS On 29th! #All84Tens"""
SAFE,"""Dinner Chat|Continue Genshin Quest| | EN/中文| !socials !sub"""
SAFE,"""Good Music Good Times"""
MATURE,"""404 Aim not found \\ Nova 1, idfk haven't played in ages"""
MATURE,"""Master King's Fall | Hispanic Heritage Month | [ENG/ESP]"""
MATURE,"""12 Hour Beta Trickshotting! | Path To Partner | #NorCalMiami"""
SAFE,"""Karma Surface Imperfections MaterialX | Houdini ꩜"""
SAFE,"""Food Truck Simulator | FUN GAME"""
SAFE,""""""
SAFE,"""Relax with me ❤️❤️❤️"""
MATURE,"""(ENG) Luma's Exist! Prove Me Wrong Let's Do Endgame Stuff! !Luma !discord"""
SAFE,"""[Eng/中] 𝑯𝒂𝒏 x 𝑷𝒊𝒂𝒏𝒐 X SUBtember | !sl !howto !cover"""
SAFE,"""9/19 on The Franchise"""
SAFE,"""Getting Tasks Done Before Reset! ~ ""Hot tempers cause arguments, but patience brings peace.”-Proverbs 15:18"""
MATURE,"""!subathon BIRTHDAY CAKE PLES <3 !beachball !discord !youtube !bilibili"""
MATURE,"""🇦🇺AUSSIE🇦🇺 Rusty time ✨22 COMMUNITY SHINYS !pokestart"""
SAFE,"""[VTUBER] SUBATHON DAY 1| Ohhh? So you're approaching me... !menu"""
MATURE,"""1st Playthrough || CUPEHAD || [4k/60fps]"""
SAFE,"""more eventing and ara ara questing !discord !tiktok !review"""
MATURE,"""Bangers And Failing At Video Games  !res !subs !hours"""
MATURE,"""TFT !Tournament Sign Up - 24/7 Streaming House (420/710) DTQ (CO/719) !streamraiders !crypto"""
MATURE,"""BITGET GIVEAWAY- FUTURE TRADING  !BITGET $4000 BONUS SAVE 25% OFF FEES FOR LIFE US TRADING FRIENDLY  !MERCH !TRADINGVIEW SAVE 30% $BTC $SOL"""
SAFE,"""[V-Tuber Wolf] Chill Vibes!! Stream Raiders !battle"""
SAFE,""""""
SAFE,"""NEXTMAKER: MYTEAM UNLIMITED GRIND #NBA2K23 !TWITTER"""
SAFE,"""Mortal Online 2 Gold grind !"""
SAFE,"""washing capybaras and working on my to-do list c: || !naepollen"""
MATURE,"""[UK] Over 1 MILLION Headshots! Anti Meta WF Streamer who doesn't use AOE Weapons! Weapons! Friendly Welcoming Community"""
MATURE,"""[EN/SG] lesley demon. (20/9/22)"""
SAFE,"""Welcome to the Weeb Farm [code provided by publisher]"""
SAFE,"""Tren R1 DH | DH BETA TESTING"""
SAFE,"""Wake Up America! Tuesday September 20th, 2022"""
MATURE,"""Defending For Life"""
SAFE,"""произошел захват стрима вооруженными силами диназовров"""
SAFE,"""69 xX-WEB_DEV-Xx 420"""
SAFE,"""Canales Argentinos Gratis-> www.TVArgentinaHD.com"""
SAFE,"""Piano music for you~ Still adjusting :/"""
MATURE,"""✮✨🔞Foxy Just Want to Have Fun! #Spudable #Cuteable #Pawsome🔞✨✮"""
MATURE,"""1% Better Everyday! New Schedule and New Content Starting Oct 4th!  #Creatives #BlerdsUnite !socials !support !kofi"""
SAFE,"""Viewer Controlled Minecraft !rules !minecraftme !cheers !cheers2 | New !youtube vid out // Join !discord"""
MATURE,"""[AUS] SUBATHON | 100% Completion?"""
SAFE,"""1001 Kind things can be hide with just 1 Bad Thing ?"""
SAFE,"""Hades gaming. Zorya: The Celestial Sisters"""
SAFE,"""$XNO Channel Point Faucet, Price Ticker & Lofi Girl!"""
SAFE,"""Watch me fail to get better at ToA ✧･ﾟ: *✧･ﾟ:* !social !hug"""
SAFE,"""Rochelle Dietz - Sloth Party • Organic House • Downtempo • World"""
MATURE,"""[EN/CN] YOU'RE MINE"""
MATURE,"""2k Subathon/Model Debut! | !subathon !giveaway !discord"""
SAFE,"""Comfy supporting w/ Halloween !emotes"""
MATURE,"""👶 🍼 🤰100 BABIES IS THE WORST CHALLENGE EVER MADE. [ESCAPMISM STRIM] | ❗gen4 ❗cc ❗etsy❗savefile ❗reshade ❗gshade"""
MATURE,"""FUTSING ABOUT - FOIP FUN -  WHERE CAN WE GO? - STAR CINEMA"""
MATURE,"""Let's Do Some Damage : FDL : 5x PA : Given'Em The Hotsauce : [3Weeks 6Days]"""
SAFE,"""Take a trip around our world with Joe Slick (Live), you never have to leave the farm!"""
SAFE,"""Tri - Beam?"""
SAFE,"""Lvl 204+ Vault Runs, Grind to 250 CONTINUES!"""
SAFE,"""TUNESday 🎶 House Music & friendly chat 💖 !new !weds !subtember !blessyou !meme !quote"""
MATURE,"""1st playtrough!🍓SUBNAUTICA!🍓!SUBATHON DAY 19! 🍓 !ring !gg !discord"""
MATURE,"""(+18) TMNT Waiting Room--- BABY BRAWLER OR DEATH |#KOCPartner | !oof | !discord | !ssr"""
SAFE,"""Live jams and chill vibes. Come on in! ~ !sl !nins !gina !socials !discord"""
MATURE,"""TWO YEAR ANNIVERSARY UNCAPPED SUBATHON! | !subathon !join !discord |"""
MATURE,"""I do be back"""
MATURE,"""Ridealong @Americas Cardroom  [18+] - !acr - !v6"""
SAFE,"""drawing spider-pumpkin and then some Ender Lilies 🎃🤍"""
SAFE,"""hallo"""
MATURE,"""Trashy Tuesdays  Diablo 3 the Chase to 3000 AUS !discord !socials"""
SAFE,"""[18+] 💸 $200 RAFFLE !200USD 🎲 SLOTS & LIVE GAMES! 💎 !DISCORD FOR GIVEAWAYS & RAFFLES, !SOC FOR MY SOCIALS! 💰 iRoo TV 🎲 !STORE 💰 !YT"""
SAFE,"""🔴 2901 XP Multiglad Priest 🔴 Beautiful Viewer Games 🔴 AJD GREEK MUSIC"""
MATURE,"""♡AUS|18+♡ Come be a Disney Princess wimme! ♡ #BeatrixCommunity !ppsize !vibe !ttsize !join"""
SAFE,"""Canales Argentinos Gratis-> www.TVArgentinaHD.com"""
MATURE,"""DAY 3 UNCAPPED SUBATHON !subathon !goals"""
SAFE,"""WE BUILD [Halls SMP] BTW its my birthday hehe"""
SAFE,"""TOP 30 GM Ladder !coaching !discord"""
SAFE,"""Monthly Wipes • Twitch Does Pixel Art is now Stream Canvas • r/place on Twitch • !help !subscribe !discord"""
SAFE,"""chill: the sequel ^_^"""
SAFE,"""♡ U smell ♡ !exitlag"""
MATURE,"""Myth Of Empire! Online Players Join US! PVE Official 2805 Afk Training!"""
SAFE,""""""
SAFE,"""(First time) Uncapped Subathon!! ;D 🌸 !subathon"""
SAFE,"""TRIALS HELP | ITS JA- MIDTOWN... | low energy because of the flu | !discord !subtember"""
SAFE,"""First time playing | All Socials: @JonBlazeLIVE"""
SAFE,"""[SG/EN] streaming from my dad's place || SG TOP JETT MAIN"""
MATURE,"""Ultimate Crisis Sigvald !campaign"""
MATURE,"""If you own a default vandal get in here !coda"""
MATURE,"""**REIKI-Chakra Balance day** Rabbit holes, and tarot of course :D"""
MATURE,"""Valheim Solo Run. Lets see how well I can do"""
SAFE,"""FIRST-TIME CALAMITY BLIND MASTERMODE MULTIPLAYER EXTREME EDITION NOW IN HARDMODE KILLING MOONLORD TODAY"""
SAFE,"""Semi sick aka hunt showdown"""
MATURE,"""Morning Vibes ;D | 2s"""
SAFE,"""yuh | !bigangel !set !guild !bfg !tts !youtube !yt <-"""
MATURE,"""Sniping all the men."""
SAFE,"""AzayChe is Live! Lock In✨ Kill Grinding"""
MATURE,"""❤️VIBE POOL MIX🎧Relax Non-Stop, Progressive, Electronic House (Vod)[Melodic Techno DJ Mix] 7/24 BEST TIME🔊| !sub !yt"""
SAFE,"""I'm the fear addicted, a danger illustrated | F2P btw"""
MATURE,"""[TBOI] [555/637] Vibes~ I will be a DEAD CAT before a DEAD GOD :<"""
SAFE,"""the most premium enha dk with garg NEW EMOTES!"""
MATURE,"""Viego Prodigy"""
SAFE,"""#1 Jack-O EMEA | Grinding and Labbing | Striving for Glory Later! | !bracket - !emotes - !discord - !rating"""
SAFE,"""Shiny Giveaway - Use Code On The Screen - Type !Guides !Ditto !PrizeList - Shiny Link Trades - ShinyDen.Com"""
MATURE,"""LVL 67 | 255M | #1 PVP GIGACHAD !discord !kappa !tiktok"""
SAFE,"""Final Fantasy XI (Retail Server) - Solo NSJ Ironman ""Level Cap"" - https://pastebin.com/gN5NN5qL"""
SAFE,"""The GOATtas at Spa | S1 Alfa Romeo | !subtember !ads"""
MATURE,"""(scottish) Trucking Tuesdays! #TruckyAmbassador #TobiiAmbassador !trucky !tobii !zgame !discord"""
SAFE,"""WHAT A THRILL - part 2"""
MATURE,"""❤️❤️Hot Tub Waiting Room❤️❤️ - Stay a while and watch nonstop clips and videos of hot tub streamers [Rerun]"""
MATURE,"""Chill person, comfy voice [ENG/18+] !subtember"""
MATURE,"""JOIN US! FARMIN' & CHARMIN! (FAE SERVER) l @CamCeej !goals !YT"""
MATURE,"""Amiga - Alien Breed"""
SAFE,"""Viewers + AI Slay the Spire (!climb) Ascension 11: Lives 15 Currently Playing Defect"""
SAFE,"""[EN/日本語] lost link | !discord !yt"""
SAFE,"""ESL shift again can we get a Two time?"""
MATURE,"""Bill0 after Dark"""
MATURE,"""The Bronze Wars"""
SAFE,"""[PC] !join | Hunting with viewers! LR, HR, MR anything goes!"""
MATURE,"""🌹[Day 19] Uncapped Vampathon! You shall be sacrificed! 🌹 | !vampathon"""
SAFE,"""DOTATUU!"""
MATURE,"""Co-op Shenanigans - Medieval Minecraft"""
SAFE,"""Reborn x1 Part 43 - Elemental Summoner LVL 43 -> ?"""
MATURE,"""✨ Your favorite sweetener / 19,319"""
SAFE,"""immortal rank grind | Customs Ranked with Viewers @ghostgaming !newvid !yt !sub"""
MATURE,"""Welcoom back to the Valve (hell)"""
MATURE,"""Good Morning || Good Morning, what's up? Good Morning. Good Morning. Hey! Good Morning! Good morning."""
MATURE,"""NO CRAFTING! How Long Can I Make It?"""
SAFE,"""The Best Pokemon Game You've Never Heard of"""
SAFE,"""The Chaos Dimension opens in 3 days!!!!! !joinmc !patreon !battle"""
SAFE,"""Let's Roooooooooooooooooooooll"""
SAFE,"""💚[Goblin Vtuber]  insomniac vibes with chat💚"""
SAFE,"""WAGWAN!! ROAD TO RANK 1 OMEGA GAMER  xoxo <3 <3 <3 xoxo !discord !playlist !youtube"""
MATURE,"""[SPAN/ENG] THE DRAMA KEEPS GOING! EX WOW PLAYER! ASK ME! WILL I GET ACCEPTED TO TWITCH PARTNER!? 50+ MAN WORLD BOSS TRAIN! 23G/HR !JOIN"""
SAFE,"""win the quiz and win my heart"""
MATURE,"""Oryx Has Chicken Feet // Friendly Neighborhood Sherpa! // Good Morning Guardians! // !help !merch !supps"""
SAFE,"""RANDOM FOOLISHMENT & SHENANIGANS  $halcig"""
SAFE,"""Pokemon Emerald any% speedruns for top 10 | !subgoal | !discord"""
MATURE,"""🐉 Come watch this 👁️‍🗨️👄👁️‍🗨️"""
MATURE,"""Steel is rising somewhere ( ͡° ͜ʖ ͡°) // PCG & Stream Raiders"""
SAFE,"""⚔️ Great Vibes, Better Gameplay ⚔️ DooM Clan ⚔️ !Socials !GFUEL !Aim ⚔️"""
MATURE,"""just vibing"""
SAFE,"""✨Hi, Im still sick so we chilling with Disney✨"""
MATURE,"""(196-52) *RS GRIND FOR MO!* RATING: 759 ⚾️ | 1x Flawless l Giving Viewers Hitting and Pitching Advice l !socials !youtube"""
SAFE,"""she clickin my zippy i might nomsy"""
SAFE,"""3K hours in DBD ✅ Malding ✅ Survivor ✅ Billy ✅ Huntress ✅ Music ✅ BALD ❌#102 !newvid !youtube !discord"""
MATURE,"""[AUS] There’s a new type of broom out. It’s sweeping the nation | !wolfy !backseat"""
MATURE,"""CORPO DAY 4 - HYPERPUNK Patch 1.6 Reboot with Shoot Creek - XBOX SX"""
SAFE,"""BR all Day, !yt !gameloop !socials !clip"""
SAFE,"""[EUW] Urgot Masters Fill Queue | urpogGREED !coach !subrewards"""
MATURE,"""Mega Man 4 Speedruns NEW PB! (49:52) - sub goal - Level 8/15. 177/200 !subgoal"""
SAFE,"""3D Raptor & Dragon !Commissions"""
SAFE,"""HasanAbi Waiting Room -  Stay a while and watch nonstop clips and videos until Hasan goes back online!"""
MATURE,"""✨Being creative today✨"""
MATURE,"""[EU] NEW SUGGESTIONS CHANNEL IN !discord Subathon 28th of SEPTEMBER (2500+ hours) !discord !tiktok"""
MATURE,"""ROAD TO 16 K"""
MATURE,"""Variety Tuesday | Fallout 4 | Borderlands 3 with Rogue | XBSX"""
MATURE,"""Come say Hi pls ~♡ 18+【VTUBER】With Mistress Deathblooms!!!"""
SAFE,"""Heretic Astartes (Indicius) vs. Necrons (Devin) - T5S2 Pod 9 FINALS - 40k Live Gameplay  !lists  !links  !newsounds"""
SAFE,"""Early TUESDAY VIBES ... Let's CHILL"""
MATURE,"""lookin for Cubes"""
SAFE,"""New Fornite Season Lets Goo!!!!!!!!!! Lets get some subs!!!!"""
MATURE,"""MW2 is it Worth a Buy Or Wait?"""
SAFE,"""Liga Pro MyTEAM/PNO Daily Cups"""
MATURE,"""Pick Em time. !pick | Don Diego | (Eng/18+) | Giants partner | #RuffRiders !advanced | !gportal"""
SAFE,"""THE RANCHER"""
SAFE,"""late night chillin 😎   !! gta online  !!"""
SAFE,"""[EN/NL] Playing with viewers!!!! Come join the fun! !fn !fnrules !epic"""
MATURE,"""Cozy Streams & Hand holding session~ :> | !discord !throne !subathon"""
MATURE,"""[PTBR/ENG] Back to CV1 Grind !big20"""
SAFE,"""Priestesses Inspired Zeal + Rience Control in Pro. !decks"""
MATURE,"""FnWo NXT! Fixing my arena &  Community Universe League + Redemptions! - !FREE !SUBTEMBER !ROGUE"""
SAFE,"""fivehead holds viewers hostage in ranked flex 😤 | use !join to join queue  | !discord !tiktok !twitter"""
MATURE,"""aus l i reply to everythin !socials"""
MATURE,"""＊*•̩̩͙✩•̩̩͙*˚ Uncapped Subathon Day 9  ˚*•̩̩͙✩•̩̩͙*˚＊  !Subathon !chibi !Cultist !Keychain !subincentive"""
SAFE,"""♥♦♣♠  Let's spin some tunes | Austria  ♠♣♦♥"""
SAFE,"""THE LEAGUE - Ep. 403  [72 DAY STREAK]"""
MATURE,"""[UNCAPPED] DAY 19 SLEEPY DND VOD - Vakaldi Estoc Must Die🦊 !addtime !goals"""
MATURE,"""[18+] [!pronouns] warming up is very important yes yes"""
SAFE,"""KSP Final Career!! Episode 230 - Launching Ore From Duna before More Jool Arrivals!!"""
MATURE,"""✨Japanese Ear_Licking 24/7 [asmr_Lizzy💦]✨"""
MATURE,"""MG Tonight?"""
MATURE,"""🧡🦊🏳️‍🌈[18+] [S1 E48] Vibing and Arting! Woof Woof Bark Bark!"""
MATURE,"""[18+] Skitarii commission building [Data Log 20/09/22]"""
SAFE,"""happyyyyyyy edm"""
MATURE,"""[PC Roller]  Short Chill Stream  September Sub-A-Thon  <3 !discord !SeptSub"""
SAFE,"""Just chilling...See You Later~"""
MATURE,"""(USA/18+] Sleep Deprived Savagery. | !discord !dixper !QOTD"""
MATURE,"""☢️Lets see where today takes us - Invictus Ironman RL ☢️ !mods / !g4u / !event 1000+ NEW FRIENDS ACHIEVED!!!!"""
MATURE,"""p87+ Feng main c: || #ShirtMySurvivor"""
MATURE,"""New Content Grind/Working Towards D ROSE! !sub !freeky !bits"""
MATURE,"""80s BREAKFAST  - !AWARDS !EMOTE"""
SAFE,"""Earn Sludge while you play! Goober holders earn more. Redeem at app.goobers.net !insertall !sludge"""
MATURE,"""Happy Hardcore and more | Tuesday Party Night | 🇦🇺 |"""
SAFE,"""Modern League with  4C Yorion"""
MATURE,"""WildRP | Snr Ranger Isla | A New Day"""
SAFE,"""Blue Dragon!! First Playthrough - Part 5! Summer of Sakaguchi 2 - Day 44 ٩( ᐛ )و !Sakaguchi"""
MATURE,"""Near, far.. the cheeapest cards"""
SAFE,"""[One Chunk Man] rolling new chunk soon"""
MATURE,"""[AU] Survivor Difficulty. First Playthrough! | !patreon | !merch | #ScuffedSquad"""
SAFE,"""Necro | Onetime | Town Portal | BGs and grind to H5 continues | LIVE from the PC Mod Shop! !discord !clockwerk"""
MATURE,"""[First Play] BloodborneKiro continues"""
MATURE,"""Isle of Arrows is a little misleading, there are also spike traps, cannons and frost thingies too (technical term)"""
SAFE,"""Not exercise time"""
MATURE,"""4th time around"""
MATURE,"""TranceStation 24/7 Radio (Trance, Dance, dubstep, Psy, Progressive)"""
SAFE,"""Live 24/7 🌐🌎📶 By  Chele HD"""
MATURE,"""ig/vg void blade heavy opr"""
SAFE,"""MUT H2H 915-7 | !SUBtember | !discord | !sub | !818"""
MATURE,"""idk what im doing pt 3 | no cam"""
MATURE,"""Effectz - RANKED {ENG} @effectzTV on socials"""
MATURE,"""(UK) 36 days of non stop streaming! ♥️ !discord🌟!caps🌟!socials ♥️ !support !times"""
SAFE,"""The Raccoon Horde is overthrowing Daddy Death! (And finding a trashcan to live in)"""
SAFE,"""[DROPS] surely this quest will end soon right !subtember"""
MATURE,"""!mixeddrinks All Madden Best Ace Slot | #1 Most Streamed Madden Streamer | On THE COME UP | NMS |!SUBTEMBER 73/80"""
SAFE,"""[VTUBER] diamond 2 support main <3 you're cute!!!"""
MATURE,"""I NEED CAFFEINE | 17 DAYS TO TWITCHCON !adv !merch #IntoTheFog #ShirtMySurvivor"""
MATURE,"""[CH7] How much sadness will we see today?"""
MATURE,"""goooood morning cuuutiiessss 💚"""
MATURE,"""2,000 Followers! Thank You! New Season Fortnite! Today! Fulltime Streamer! Lock In & Join Us!🔒Sub G"""
MATURE,"""Challenger OCE | Rank 1 Morde/Urgot | Free advice"""
MATURE,"""EXPLORING SUMERU! - Happy 11th Monthsary on Twitch! || !kofi !discord"""
SAFE,"""SUIT UP! | Namalsk | Life Server | !fall !clip"""
SAFE,"""Bet QL Daily"""
MATURE,"""Self Care King ~ Day 4 Subathon Hardcore gamer !subathon"""
MATURE,"""What's your favourite Disney film? !clip !merch !giveaway {18+}"""
MATURE,"""Surprise early stream cuz i sleep early today:> - !socials !goal !discord"""
MATURE,"""Eh, Let's CyberUP, why not? | 18+ | Voice Actress | #badgamergirl"""
SAFE,"""Defected x Louie Vega live from Tisno, Croatia (House, Soul, Disco) 🇭🇷🌞"""
MATURE,"""Queeen Bee + The Beehive Chronicles Ep. 253 #365Grind"""
SAFE,"""i hecking love rust | !ot !exitlag !tradeit"""
MATURE,"""10 DAYS OF MEGAMAN SUBATHON SUBTEMBER - MEGAMAN X4"""
MATURE,"""[PL/ENG] 🍵🍃 short stream day | !discord !twitter"""
SAFE,"""Big M1 GANG"""
SAFE,"""Live with Restream"""
MATURE,"""[SCOTTISH] ⚡ 2 FOR TUESDAYS GOOD VIBES & ENERGY! ⚡ | Subs [637/700] !merch !socials !defy !hide !raffe !banana"""
MATURE,"""GAMERS UNITE !tshirt // please send COFFEEEEE"""
MATURE,"""!update !irl CyberCity"""
SAFE,"""24/7 PCG Log- Spawn/Mission Alert Sounds; No PCG Bot, catch Pokes in another chat"""
MATURE,"""(AUS) Tank Tuesday! {Sept Sub Goal 162/165}  👑= 2785"""
SAFE,"""[First] Leaf Is Confused, Who Be These 80'S Looking Alien People!? And Another One Of Us!? Ngl, We Look Good With Short Hair UwU | H:FB"""
SAFE,"""MTGArena Drafties! #TeamAether !pokecatch !streamraiders #GIVEAWAYS"""
MATURE,"""RLCraft w/ Twitch Spawn, Mortal Online 2 Later | Follow @Stingintv"""
MATURE,"""☁ SUBATHON TIME!!! ♡♡ ‹ mic on › ☁"""
MATURE,"""Bolt does Warships (EU) Clan NOFUN"""
MATURE,"""M+15/25 !giveaways / Wrath leveling / New dono sound ;);) !thedream !community !youtube !social !discord"""
SAFE,"""[Rerun] Hot Tub Stream"""
MATURE,"""This is the best title that you've ever read"""
SAFE,"""RANK 1 W CHAT LETS GO !JOIN"""
SAFE,"""[EN/JP] Dota with Namazu!"""
SAFE,"""TWITCH IS SINKING FASTER THAN THE TITANIC ☠ THIS DRAMA IS ABSOLUTELY BONKERS NO CAP 💀"""
SAFE,"""❤️ 18+ Hot Tub Stream ❤️ Follow & Relax ❤️ ❤️❤️❤️ (Rerun)"""
SAFE,"""Pokétivity Stream (Pokemon + Productivity) | catJAM Study Music | 📚 50/15 | !discord !taskcommands !cowork !CC"""
SAFE,"""I can only use sage !playingwith [ID/EN/JP/CN]"""
MATURE,"""cottagecore buildin' c: | !discord !throne !socials"""
SAFE,"""💎Craft 4700%+🟠Ether SET for 50k Point❗️ X2 EXP ALL❗️ Write !join --▶️ !train all --▶️ !rf_guide✅"""
SAFE,"""[ENG/FIL] MAMMOTH75 BUILD! Soju Redeem ! | !build !discord"""
SAFE,"""Fortnite Fashion Shows! | Epic Code LISBOKATE"""
MATURE,"""SOLO SHOW !snipes with chat | wanna learn the new season? | !join | Wholesome | LONG STREAM EVERY DAY  | !join the queue | 👑3112👑 |"""
MATURE,"""BGs !Tourney"""
SAFE,"""Breeding time! And Rick Drake cave dive!"""
MATURE,"""um hi | N3RV | !discord 18+"""
SAFE,"""يوتيوب"""
MATURE,"""On The Grind #sponsored !millionpugs"""
SAFE,"""Fishing With ChieFoxtv! Then We Have A Bass Tournoment!"""
MATURE,"""[Aus] [18+] Don't be Sheepish! Come join the Cult! | !Commands !rules !discord !twitter !clip !stack"""
MATURE,"""🔴LIVE🔴 Fortnite 🔊🤰🏻!baby | !pokestart"""
MATURE,"""[Tier 5]  #1 Orbit Main 4.3KD 24 Hour Stream! !Discord !Social"""
SAFE,"""MTGO - Dom Drafts - Post 24 hour stream... tired don't expect miracles."""
SAFE,"""[RERUN] Next: PS2/SC2/WOW Tuesday (~8pm ET)❄️New !2ndChannel❄️!Discord❄️"""
MATURE,"""SUBBY-TEMBER UNCAPPED Day 8 OwO!| 1 SUB = 15 MINUTES |5 SUBS FOR BEANBOOZLE | 🏳️‍🌈 🐾18+ [VTUBER][VRCHAT] !Discord"""
MATURE,"""Spin the !wheel | Yo Ho Fiddle de dee w/ Mikeleeee | < !ovd !hack #𝗚𝗹𝗶𝘇𝘇𝘆𝗚𝗮𝗻𝗴 💪"""
SAFE,"""OH HEY HI HELLO U CUTE AF • !vote !yt ENG | PT"""
SAFE,"""🌸No rage ranked matches challenge, fr fr ~ !merch !razer !tourney💜"""
MATURE,"""Aus Doto!!  !SR !FBteam !insta"""
SAFE,"""maybe a bit of challenge"""
SAFE,"""Road to 300 | I only wanted more time ! not more food ! | [EN/中文] SEA"""
MATURE,"""[18+] 75 HR SUBATHON (cap) | !subincentives !housewarming !subtember | Nap Time"""
SAFE,"""ROAD TO LVL 10 | LETS PLAY TILL MY INTERNET DIES |"""
SAFE,"""Finishing this car pack today - ScoraNetwork - Eli Bulwark - Come say hi!"""
MATURE,"""just chilling on this game now"""
MATURE,"""MELODIC PROGRESSIVE RAID TRIN- TWICH DJS 💜💜💜💜💜    FR·IT·EN·SP =) Deep  Progressive Melodic Afro House"""
MATURE,"""🚀 STARLIGHT CHILDRENS FOUNDATION, LessGooOOO! 🚀!"""
SAFE,"""#12 Pred Ranked W rLucxs & Cal"""
SAFE,"""Chains of Harrow | New Account to New War in 7 days: Day 7 | WfSensei | [PC] #TennoCreate"""
MATURE,"""Viktoreeous in DISTRICT 10 RP | 24 hour stream? | 18+ | !discord !socials"""
SAFE,"""test to test 2"""
MATURE,"""sleep schedule is doneso 9/20/22"""
SAFE,"""[PC] How often do scientists check the table of elements? Periodically"""
MATURE,"""Hardest Mode Every Game ""Polo Outlet Variety Hour"" PS5 !links (New Emotes & Redemptions)"""
MATURE,"""Jk I'm streaming today! | !spam | !sr is on | !insta !discord"""
SAFE,"""Comfy Vanilla Gaming | !gfuel !lootroom !skin"""
SAFE,"""#1 Top 250 Ranked pov"""
SAFE,"""[RERUN] soft lil ASMR for u. get in here :3 c: !s TIER 2/3 SUBS GET MY PRIVATE SNAP!"""
MATURE,"""Mythic placements or some classic placements w/ viewers? | !discord !socials !jumpscare"""
MATURE,"""Storyboarding"""
MATURE,"""[EN/CN] Maybe Short Stream | 400 Followers = 2 Welkins GA | Free Abyss Help Available + Acc Review !ga"""
SAFE,"""7 seas Victoria"""
SAFE,"""[NA/EU] 2v8 but IDV is broken."""
SAFE,"""Auto Hosting Square Shiny LEGIT 24/7 GMAX Charizard Den (Den 77) + Auto Friend add + chat plays Blue! !dens !chatplays !eevee !shedinja"""
SAFE,"""CHILLIN ON NEW SPARK - ROYAL FLUSH - | OCE | HAMMERRAZOR | [World First Zinger Box]"""
SAFE,"""🌟F2P ARC IS HERE🔥IF I RIP BOZO I LOSE MONEY🌟DAY 2913 OF GODLESS ARTIFACTS🚨WAIFU COLLECTOR DAY 1🌟"""
SAFE,"""News And Discussion! - Diverse Viewpoints Welcome, Be Polite"""
MATURE,"""Rebuild After Rage Quit! / Build Only Server / !SUBtember! / Wheel Of Torture=!Wheel / !Social / !Dono / !Dixper"""
MATURE,"""GTA 6 gameplay was leaked yesterday (legitimately) what did you think? Siege time !Discord !YouTube"""
MATURE,"""My First Ever 24 Hour Stream! | !Giveaway !Discord !YouTube !Instagram !Merch"""
MATURE,"""more misery"""
SAFE,"""it's my BIRTHDAY / cumpleanos stream / time to party 🎊 !gifts !party !champagne !tequila !vodka"""
SAFE,"""Let's Get Scared!!        !stjude !loot    !social !lostark   #bleedpink"""
MATURE,"""BR? maybe? idk...lessgoooo! sub goal 21/35 -need a new desk! subtember!"""
SAFE,"""Jesus Loves Gamers - NVIDIA SHOWCASE at 1pm ET - Community YouTube Video & Content Coaching at 1pm ET !today !chair !drink"""
SAFE,"""Shedinja! Take me to the top!"""
SAFE,"""NEW EMOTES | God of War Playthrough | !subtember | !discord !twitter"""
SAFE,"""Watch party - Hatched"""
MATURE,"""Ragequit dbd today ??? with Chlooeeeexo| !giveaway !energy"""
SAFE,"""WTF IS GOING ON IN THE TWITCH COMMUNITY?! ♡ ˖ ˙꒱LURKER FRIENDLY! !kofi !javy"""
MATURE,"""Early Access play of Potion Permit! Comes out the 22nd!"""
SAFE,"""24hr Stream | Gaming & Gamba | 18+ !discord"""
MATURE,"""WERE BACK!!! - PLAYING WITH VIEWERS TODAY"""
MATURE,"""[aus] cont. Doom 1993 ~ I was stuck... am I still stuck? ~ !twitchcon !merch 🎀"""
MATURE,"""[Switch]-[MR 610+]-[Anomaly 100] Just chillin'"""
SAFE,"""Tay Tay Squat for Subs 100 Squat Goal"""
SAFE,"""Pov: you are still awake, 4am, in your room"""
MATURE,"""[AUS/PC] A little under the weather today | !1k !kraber !judge !main"""
MATURE,"""Cavern Crawl | #theoodie !oodie"""
SAFE,"""Office Day!"""
SAFE,"""Olen kriminaal :) Breakingls.ee kogume raha ju!"""
MATURE,"""| EN/NL | 🦉 | ✨✧  𝕺𝖓𝖈𝖊 𝖀𝖕𝖔𝖓 𝖆 𝕿𝖎𝖒𝖊...  ✧✨ | PS5 | !subtember2022"""
MATURE,"""❤ UK/PS5 ❤ New Playthrough! Part 1 - Give me the Trophies hehe !discord !games #BetaRAGE"""
SAFE,"""[18+] Playing Sweaty All Night!! Come Stop By Chat and Say Hi! #Sponsored #ad #epicpartner"""
SAFE,"""DZ with the YEET KING    [SBC]  !1460 !YT !AUS [XBSX]"""
MATURE,"""All Official servers|PC Steam| Its Ark time. !discord !pokecatch !Avatar !Merch !dad #eboy"""
SAFE,"""BGG will pay you to record games! Check the discord to learn more!"""
MATURE,"""Let us Return.. </:RetroVution:\> RETURN TO MONKEY ISLAND || !beyond !gog !giveaway"""
SAFE,"""🐲🐉DragonBall GT🐉🐲🔮 eps. 1-67 🔮🐉HD🐲"""
SAFE,"""STRETCH GANG ON TOP | D10 RP | District 10"""
MATURE,"""[18+ AUS] GRINDIN' THAT BATTLEPASS"""
MATURE,"""WELCOME BLOOOOODY BACK MY SLIMECHAMPS | !subtember !newvid"""
MATURE,"""Subtember goals! Sweepy bean today so short stream  | !throne !discord"""
MATURE,"""IT'S SUBTEMBER!! Bit of falling with Guys?!?"""
SAFE,"""2 YEAR TWITCH ANNIVERSARY STREAM! !merch !commands !discord"""
SAFE,"""Star Wars Fan Edits Supercut 5+ Day Superloop (Clone Wars, Rebels, Deleted Scenes, ect.)"""
SAFE,"""new run today let's gooOOO"""
SAFE,"""call her hisoka the way she be wanting my kids // !tree !socials !discord"""
SAFE,"""BEST FEMALE SND GAMER // SUBS CAN !JOIN"""
SAFE,"""🍑💦 GIRL IN BIKINI HOT TUB 🍑💦🍑💦 [Rerun]"""
SAFE,"""OBLATION ESPORTS LEAGUE OF LEGENDS ALLIANCE ROSTER SHOWDOWN DAY 2"""
MATURE,"""MIMM4L 3K CELEBRATION DAY / #florida #bass #breakbeat #breaks #drum #2step #garage"""
MATURE,"""VIBE VIBE VIBE | SERVER: CAER SIDI"""
SAFE,"""Solo Show Practice w/ Twan The Twoo | !2022"""
SAFE,"""EP.253 เส้นตรง #DY #DAOYUA #IRENE #KKTOWN"""
MATURE,"""Wasteland Wandering Day #23 | Questing, XP Grinding | Chatting"""
SAFE,"""What is the best food? | Post Apocalypse parkour, content may not be FF. But lets give it a try."""
MATURE,"""Ireland's No. 3 mario kart player!! honest... i wouldn't lie...."""
MATURE,"""18+ | FIRST TIME PLAYING FALL GUYS"""
SAFE,"""Fastest captain around. lets campaign! Next stream 21-09 @ 11:00 CEST"""
MATURE,"""Seemen Demon YuuraYuura | Gift Art! <3 !sr <songlink> !nisego !freegame !vibecheck !sc !iq !drop  !love !merch !tiktok"""
SAFE,"""Alfa Romeo Fan Boy Driving A Supra?! | Daily Races And Great Vibes! | !QOTD !Discord !Socials"""
SAFE,"""TIKTOK TIME, GOD OF WAR REACTION - DONUTLOCKE CONTINUES - !Youtube NEW MERCH OUT !Merch"""
MATURE,"""First playthrough of Cult of the Lamb - Prepare to be Inandoctrinated into the Procrastination Nation - !Patreon -  Games done very slow"""
SAFE,"""Wall Street Tech Lead Writes Hedge Fund Software Live On-Stream."""
MATURE,"""🤯DAY 1213😤 | 🔴 @DONFATHER404 🔴 | !SOCIALS"""
SAFE,"""[EN/FIL] Crying? | !faq !discord"""
MATURE,"""88% win Percentage! MYTHIC: ALC w/ only JANK  #TeamAether"""
SAFE,"""FANNY"""
MATURE,"""[VTUBER] GIVE THAT MOOSE A POTATO [IRISH/ENG/HE-THEM/18+] #subtember !links !bttvlist #PotatoForest #StoryTellers"""
SAFE,"""OSI74TV is on the Air!"""
SAFE,"""We kill survivors, not vibes ;) !dixper !discord !clip !gamble"""
SAFE,"""meow meow meow (.❛ ᴗ ❛.)"""
SAFE,"""BANGERS ONLY"""
SAFE,"""(ENG) Empire of the skies, Drops enabled"""
MATURE,"""Hi welcome back Drinking Again"""
SAFE,"""PC MK11 stream (updated channel point rewards 🐸🐔)"""
MATURE,"""Solving Problems One Fist at a Time ~ (6/9 Archetypes) ~ | !merch !discord !build !t !dq"""
MATURE,"""Take It Easy 100% Runs | Horror stream Friday! | Road To Invictus | !kaizo !youtube !rd"""
MATURE,"""CONVERGENCE MOD! Back from the north and ready for a new souls experience! [!sounds] [!council]"""
MATURE,"""48 hour stream because i love myself ... ALSO GAMES ARE OPEN TO JOIN FOR THE HOMIES"""
SAFE,"""Late Night Coster | How We Doing"""
SAFE,"""❤️Potato L.Q.! Masters! DOGGO cam. !Housetour ❤️"""
SAFE,"""come cook with me 👩🏻‍🍳 !socials !discord"""
MATURE,"""First Time Playing New World Since Launch! Day 10 - What Has Changed!!?"""
SAFE,"""DOMINANTE INABRA"""
MATURE,"""P /\ \/ ( ) community games 😅| !squad !kweeendom"""
SAFE,"""2 MORE DAYS | 1.1M on TikTok | !youtube !twitter"""
MATURE,"""[AUS] [They/Them] BIRTHDAY SUBATHON & 2YR ANNIVERSARY! | !commission !music !yahallo"""
SAFE,"""DRAWING MY COMMUNITY OC LESGO | CLOSED FOR NEW ENTRY"""
SAFE,"""WHAT'S NEW Day 06 of Season 28 | !bunker | !msmiss |✨️8th Community Shiny✨"""
SAFE,"""HAPPYDAY"""
SAFE,"""BDSP: Shiny Suicune Hunt // SwSh: Shiny Dens #103⛱, #196🗿, #62🧚‍♀️ & #139💧"""
MATURE,"""IMMAAACULATE VIBES ONLY| !sub !tip type"""
SAFE,"""[SEA Aquila | EN | 中文] v217 Patch Note Waiting Room | !sr <Link/Search Term>"""
SAFE,"""🔥ПРИЗОВЫЕ БИТВЫ СЕТОВ 🔥МАРАФОН #3 🔥 |!ТЕМА !ТГ !НИК !КАТКА  !РОЗЫГРЫШ НА 14 К ВБ"""
MATURE,"""Gib gun~ hunt allen~ :3"""
MATURE,"""UK pub-to-pub walking stream! // !walk Sub goal reward // Abingdon to Sandford-on-Thames, Oxfordshire"""
SAFE,"""♡ Pop in w/ me while waiting for the Loba Heirloom ♡ | !discord !join"""
SAFE,"""Cute Cats' adventure on CATIZENS!"""
MATURE,"""[ENG/FIL] grinding to iron from ascendant! || !nord !discord !social"""
SAFE,"""⭐ROM Hack⭐ Star Revenge Redone 2.0 and !league"""
MATURE,"""PROFESSIONAL PP PUNISHMENT || RE5 Pro Co Op W/ Darkwarrior0267 || !discord !socials !throne"""
SAFE,"""EN/JP Japan Tokyo michan bar 🍻"""
SAFE,"""100% Glitchless Speedrun Attempts for 5:25"""
SAFE,"""[OCE] Free speedleveling guide addon for Wrath - currently testing and recording on Wrath Beta | !alenya !guide"""
SAFE,"""fresh start. i suck. how to play?"""
MATURE,"""(DAY 4) First Ever !Subathon !  Account Wiped!   BLUE HAIR DON'T CARE!?!?!💙Noobies Welcome! 💙 Shooting and Looting things! |  !BITBOT ON"""
SAFE,"""csgo xD"""
SAFE,"""Isonzo Is The True GIGACHAD Game !discord !playlist"""
MATURE,"""TWO DAYS IN ROW OMG WHO IS SHE | EUW/NA"""
SAFE,"""GT Sports Leagues TV4"""
SAFE,"""PATCH DAY!!! | !clip !shop !discord"""
MATURE,"""New Updated PNG♡ Grinding to Elder God ♡ Monthly Dono Goal !donate 💗 Scream Warning💗 Edenians 💗 Kawaii Vibes 💗"""
MATURE,"""Chilled Skyrim Stream - Orc Blacksmith - Some mods (650+ not sure what I'm actually using....)"""
SAFE,"""[ENVtuber/Thai] tanuki loves u <3"""
SAFE,"""Putting walls to sleep since 2017"""
MATURE,"""makeup then We Were Here Together! | Day 811 in-a-row"""
SAFE,"""Pro pub player // !keyboard !superglide !song"""
SAFE,"""🤪🤪🤪🤪MENTAL🤪🤪🤪🤪  !socials !discord"""
SAFE,"""SHATTERLINE LETS GET SWEATY (ENG)(PC)(18+)(USA)(MN)"""
MATURE,"""I had a haircut and my powers are restored 👺  !sneak"""
SAFE,"""✅ OPTIC vs LOUD 😈#VCT GRAND FINALS (VOD REVIEW)"""
SAFE,"""[INFINITY GAMING] OFFICER DOOFY - NEW CHARACTER - SUBTEMBER!"""
SAFE,"""[AU] very cool comp games"""
MATURE,"""relearning the game"""
MATURE,"""#TacoTuesday | ATM7 - Continuing the adventure!| !subtember !unfiltered !kofi"""
SAFE,"""Factorio: No Biters learning to build better -  More Solar & Starting Rocket"""
MATURE,"""(AU) (PC) Do You want to see a man? !socials"""
MATURE,"""Day 4 of Skel stuck here what could possibly go wrong!? - NordheimRP"""
SAFE,"""MTG Classics: 2017"""
MATURE,"""🐶💩 Morning Coffee Chat | Sub Goal 286/296 | !youtube !hover !dixper"""
SAFE,"""Draw n Chill !socials !discord"""
MATURE,"""✅Today We Become A VIking Kingdom !! House Munsö Will Rise!!"""
SAFE,"""🐶❤️ Meet Sullivan - He has a severe injury, but he's in good hands now | 100% volunteer charity stream"""
SAFE,"""Jon Ruda's 389 Glider |  JBX Graphics and Weather Mod | Welcome to the Shib Stream!"""
SAFE,"""【EN】Fall Guys w/viewers✦ │!join !discord !socials"""
SAFE,"""LIVE! Trials Carries Until Reset!!! ALL WELCOME LETS GO // !newvid !subtember !jointheclan !currency !mobnotes !freesub"""
MATURE,"""!HOST UP BABY AND GIVE ME A KISS!!!!!| 🐺 !5000 !Discord !TIKTOK !Socials 🐺 MAD LOVE, LOVOPACK VIBES AHWOOL!! 🐺"""
SAFE,"""pls add me to ur spotify family ty || !subtember !egg !clip !collab [en/fil]"""
MATURE,"""New Season Hype - Support A Creator Code: TheLegendary0117"""
MATURE,"""we must protect wall-e at all costs ✨ !throne !socials"""
SAFE,"""my first 12-hour stream ever / chatting, singing, looping, gaming, chaos"""
MATURE,"""StarDEW you have the time to listen to me mine! Co-op/Modded Farm and ⚔ Stream Raiders ⚔ !battle !dance !burp !dixper"""
MATURE,"""Excite Drifting at Baixo MOndego Motorfestival  !server !SUBtember !rig !pc !youtube !coffee"""
SAFE,"""hello i'm here again!! !sub | hehe"""
MATURE,"""🌜Late cos I feel alseep 🌛"""
MATURE,"""MW2 Last Beta Day | #WeAreDMNSZN | !YT !TikTok !discord"""
MATURE,"""Peter Percocet | BBMC Hangaround | NoPixel WL | @perqe_"""
MATURE,"""✨Big Relaxing day✨ | 420 Friendly <3 | Impromptu 24 Hour!"""
SAFE,"""5 Squats Per Death! 👉 250 Bits/Gift Sub = Flashbang! 👉 Treat yourself and get some !food 😋"""
SAFE,"""Trails from Zero!"""
MATURE,"""NA <Family> !DROPS / Succ Ninja Mode / ExitLag discount code: VII /  !wraith #ad"""
SAFE,"""🌸 Wylde Flowers Release Day | !Wylde 🌸"""
SAFE,"""LOTRO True Vanilla Server Book 11 - Echoes of Angmar Stress Test - trying out champion for the first time"""
MATURE,"""AUS. (18+) Moon elf streams!!  |!model| Hiya cuties! Lets have some fun!"""
MATURE,"""Chief K. Cooper - back in action | GoodTimesRP |  !merch !gtrp"""
SAFE,"""🔴【Ear Licking】🦋🌺 Relaxing Mouth Sounds for you💤"""
MATURE,"""Tunnel Tuesday 🥵#GFUEL code PANDA67 ❤️🐼┃!gfuel !ig !discord"""
MATURE,"""CHECK OUT MY NEW MODEL! NEW FUN PROJECT + TEMTEM | Stream Raiders | !discord !socials"""
SAFE,"""I want to play turrent girl pew pew !twitter !discord !Alerts !Pfp"""
SAFE,"""Oh my goodness, oh my damn, oh my goodness they goin ham. / Tie Dye Session 194"""
SAFE,"""Crash 3 105% Speedruns"""
MATURE,"""!Youtube !bitbot  New emotes!! WIth my Amazing aim What could go wrong? o,O"""
SAFE,"""Answered: Your Most Burning Questions About FOSTER KITTENS Tuesday at 9pm PT  - Relax with Rescue Kittens  24/7 Kitten Cam"""
MATURE,"""Furry Canadian Vibing out and blasting music -  [5$/SUB = 10] 1450/1800-Squats]  -  !KOFI !GG #CafeForPartner"""
SAFE,"""🔴[day 54] 2 reasons to not drink from a toilet: number 1 and number 2"""
MATURE,"""[AU] Strike Cms |Chill"""
MATURE,"""[EN] ⫸ 🎈 Birthday Stream 🎈"""
SAFE,"""Shuffler 100 Vs Chat!"""
SAFE,"""😈 Chat now, NVIDIA event later | !youtube"""
MATURE,"""HE'S BACK BABAYYYYY  | !streamloots !sounds / !latest !sneak"""
SAFE,"""i just wanna melt into a pudding | !discord !code !song"""
MATURE,"""DROPS ENABLED✅ | Recklessly Finessed💘| #5 Siren in the US | Second Week on M&K | Commands: !discord !hype !fmk"""
SAFE,"""✧ comfy art stream"""
MATURE,"""HAPPY TUESDAY!! Lets Visit The Sketchy Trailer Park!!   !Discord"""
MATURE,"""【 DONOTHON DAY 2】Jackbox with chat!! COME PARTY || !donate|| !goals || !discord || !throne"""
SAFE,"""[VTuber] Genshin ""Whale"" meets Genshin Whale"""
SAFE,"""20.09.2022 Fifa Volta (Cyber Masters) Internacional"""
MATURE,"""DIAMOND TODAY?!?!?! !socials"""
SAFE,"""Ultra Pack Monday | Monday Monstrous Dubs"""
MATURE,"""[18+] Peace & Love | Goal of 1000 Followers | !YouTube | !discord"""
MATURE,"""[PNGTuBEAR] Welcome to Le Locle! Training Area for Fledgling Bracers! || They/He || !7tv !discord !twitter"""
MATURE,"""First Playthrough - Tales of Eternia [PS1] - Request by CaptainDark"""
SAFE,"""Don't look at me // !yt"""
SAFE,"""[!twitchanni] Part 1.2 of Advance 2nd twitch anni + birthday stream! xx // !discord !socials !foxshirt !suggestmovie"""
MATURE,"""EU TOMFOOLERY [CHAOS] | !model !2022goals | Kin ~ 🌙"""
MATURE,"""(ノಠ益ಠ)ノ彡┻━┻"""
MATURE,"""Exchanging feet pics for renegade raider account"""
MATURE,"""Look deep into nature, and then you will understand everything better. | !TikTok !YT"""
SAFE,"""hey you' get your BUNDA in here now PWEASEEEE #SneakEnergy"""
MATURE,"""The God Run - 5 games Back to Back with no hits | !rogue !godrun !YT"""
MATURE,"""Loobmaster Announces! But also speed juices and runs around like a headless chicken | !youtube !socials !discord !merch"""
MATURE,"""PogCrazy We late again! Keep me company? :3"""
MATURE,"""animation is hard why is this my profession ~ !socials !youtube !throne"""
MATURE,"""IM BACK"""
MATURE,"""GeoChatter, come play with me! | !gc to join | !7tv for emotes"""
SAFE,""""""
SAFE,"""🍋 Shirley ""Here"" Lemons 🍋 | NoPixel 3.0 WL | !lhbingo !newvideo !discord !oneyear"""
MATURE,"""do you know what i am up to? | !battle for StreamRaiders"""
SAFE,"""My character is basically Thor | Last Epoch Day 5 !7tv"""
MATURE,"""[AUS] Chill art stream ✨ !socials"""
MATURE,"""getting good again//!discord !ig !twitter"""
MATURE,"""LR Any%(Drop Mod) Speedruns for 1:57"""
MATURE,"""[ENVtuber] Ruffy is the most metal raccoon there is!"""
SAFE,"""!Focused Co-working | Study with me | 9.5hrs |  Pomo 60/10/15"""
MATURE,"""✨ When You Wish Upon a Star ✨| !pronouns !QoTD !chaos | [18+] |"""
SAFE,"""CHILLING | !youtube !tiktok !twitter !coaching"""
MATURE,"""[EN][VTuber] we back to ffxiv?"""
MATURE,"""got off work early so hi//18+//"""
MATURE,"""Starship Augments Aplenty, Maybe | SUBTEMBER - take advantage of it for no ads!"""
SAFE,"""[ENG/FIL] apex for Kweendom | !socials"""
MATURE,"""(AUS - 18+) DBD with friendos <3 !commands"""
MATURE,"""Day 530 Its Time to Juice.... And meme... But mostly die :)  !javy   You're Cute, I Appreciate You :) <3"""
SAFE,"""Best Shot Creator"""
MATURE,"""!youtube !discord !socials !of  🦘 [AUS/PS5/18+]"""
SAFE,"""derp mode"""
SAFE,"""#1 0.5 1600 IN MY HOUSE"""
MATURE,"""Making an MMO Game From Scratch - !play"""
SAFE,"""hate me but i love you🛑!NEW SONG OUT NOW🛑NOT ENDING TILL 20k🛑 !discord|!album|CnM Vibeee"""
SAFE,"""🌿 The Onbu moves 🌿"""
SAFE,"""The Elder Scrolls IV: Oblivion! Make mistakes, no regrets~"""
MATURE,"""Dra-not-so-cool"""
SAFE,"""😁 Tuesday Vibes! ☕ Cuppa Tea with Minnie in🌠 Dreamlight Valley"""
SAFE,"""juicers only 🥶 💯"""
SAFE,"""[XENOBLADE CHRONICLES 3] Episode 8! We're going to prison!!"""
SAFE,"""*NEW Player* Steve The Barbarian Community Server Day 2! 10+ Community Servers! Playing W/ Viewers! !Pokecatch !Gportal !Gfuel"""
MATURE,"""Nordheim Games Longhouse Construction! 🪓PARTNER APPLICATION SUBMITTED! [18+] 🪓| !gportal !nordheim !discord !Subtember"""
MATURE,"""Subathon day Five!!! Drawing, round two Jump King...and much more!!"""
MATURE,"""Investing In The Future & Live Reeping For The Trio Draw Cup | !G2 !Discord !Website"""
MATURE,"""(ZZZZZ VOD TIME) DRAMA ALERT 1000 HOUR SUBATHON BITATHON DONOATHON HOTTUB STREAM (real) !baN"""
SAFE,"""Getting Unwashed | !SUBtember !Tiktok !Mixt"""
SAFE,"""STICKING BALLS IN PEOPLES FACE (♡°▽°♡)~ !Discord !Throne !subtember !youtube"""
MATURE,"""[uk] 18+ Trucking Stream lets go !discord"""
SAFE,""""""
SAFE,"""世界1位、なかもとだいすき Auto Chess World Rank 1 오토체스 세계1위"""
MATURE,"""🟢 New to Ark 💚 New Map🟢 Positive Vibes <> Lurkers Welcome ✌️💚🍀🎙️🔥"""
SAFE,"""(ENG/FIL) Stepping out of comfort zone !pink !porpol !orange"""
MATURE,"""(18+) (UK) (Wales) Y2-347: Tuesday Pew Pew: Legendaries hunting?"""
SAFE,"""Eden-Fetva /1k+ solo kills pvp-4l9/short stream/any action ?"""
SAFE,"""quick, the kid's asleep so it's dreamlight valley time"""
MATURE,"""18+Gamdom Slots Nightbot on for calls ! Win 150$ !GW  for info"""
MATURE,"""It's my Birthday and I'll Phantasy Star II if I want to!"""
MATURE,"""Sub Special !SS | TOA 6/7 | !chaps"""
SAFE,"""UK | FINALLY! We splatting!"""
SAFE,"""Even More Water Manifold Building , PLEASE let me be done with it already!!  !giveaway !farmchannel !arozzi !gamersupps"""
MATURE,"""TRYING TO LEVEL ALL MY CHARS TO 80!! catching up with story quest while farming for books and ascension mats ;A; !youtube !discord"""
MATURE,"""watercolour portrait • Jayoung - Rolling Quartz • !supportme !commission •"""
SAFE,"""Thank you ObtainHumanity so so much <3 :)"""
MATURE,"""if I get tunneled I stop stream How was work? #hatsquad #yeerrrr !SR !discord !tiktok"""
MATURE,"""GRIFFIN INDIANA Forgettabout it... - SUBTEMBER Goal is 84/100 for September. { 18+ Stream } The Back 40 Team"""
MATURE,"""gambling my points away with interest"""
MATURE,"""Does this make you hungry?"""
SAFE,"""Just waiting on Warzone 2.0 | 1755+ WINS | 4.7 K/D | 65,100+ KILLS | !MERCH | !TheRockExp | !tiktok !newvid"""
MATURE,"""Double Income No Kangaroos"""
SAFE,"""#72 | sfddsfsd9oifj9spd8fj⭐-_-💧"""
SAFE,"""(PC/OCE) [S4E204] I'm very athletic when it comes to jumping to conclusions | !commands | Don't forget to !clipit"""
MATURE,"""Chill Vibes and Variety Games! [420 Friendly]"""
SAFE,"""*450 HOURS LIVE STRAIGHT* My wife takes over while I have a nap! <3 | Australia | !coffee !quote"""
SAFE,"""A Brisk Walk through Slime Rancher - !qotd - !discord"""
SAFE,"""TERRIFYING TUESDAY W/DA BLACK GHOSTBUSTA//DIXPER PARTNER//NEW CASE TODAY PULL-UP ""POST-UP & HOST-UP...BLESSINGS 2 ALL"""
SAFE,"""[ENG/RU] Just press R | Jungle&Mid | Plat 3 EUW | !info !blog !yt"""
MATURE,"""PENULTIMATE PICKYMON (18+)"""
MATURE,"""(ENG)we will complete this today even if it takes us ... Part 1 || !hover"""
SAFE,"""Another lazy stream day"""
SAFE,"""Rush Back To Rank One!! COME JOIN THE FUN!! !MERCH"""
SAFE,"""SHROOMSBURY FC IS BACK // !discord"""
MATURE,"""(JP?/EN????) Good morning 🐣 Up early for art time! Mochi taking over?"""
SAFE,"""🎀BlueBirdRP PARTY TIME🎀streamloots !bbaff !bluebird !gtarp"""
SAFE,"""Conquest Failures or Victory |•18+|  !social"""
SAFE,"""hammer and anvil"""
SAFE,"""LFG | Tourney, then grind! !giveaway !discord !scholarship !sr"""
MATURE,"""[DIXPER] Kristoff is cute! 'dont look at my eggplant | !socials !discord !epic"""
MATURE,"""Metroidvania gaming :) Momodora: Reverie Under the Moonlight"""
SAFE,"""Sliding & OSRS Staking with 3000 tokens start.  Runestake #1 OSRS Arcade !Runestake"""
SAFE,"""Cassie Miller/Chungus | Sessanta Nove | NoPixel WL 3.0 | !cassie !discord !playlist | SUBtember is here"""
SAFE,"""yoooooooooooo | bozo nation"""
SAFE,"""Weapon Grandmaster 289/306"""
MATURE,"""Cagan Warhorn & Kaia Proudbow | Oshaja Tribe, Day #6 - DRB #SubGoal #Chillstream"""
SAFE,"""tplotto.com"""
SAFE,"""back home pug yo test| !showemote X | video !qual | whiff = loss"""
MATURE,"""BIRTHDAY SUBATHON!! Come join the cult, I promise I don't bite....Last 5hrs of a 24 lets gooo. | Vtuber 18+ !merch !raiders"""
SAFE,"""New Purgatory begins!!!"""
SAFE,"""Lightning Storm Club"""
SAFE,"""1v1 - Strategy talk as I play :)"""
MATURE,"""Uncapped Subathon | HARD MODE | !subathon !qotd"""
MATURE,"""❤️‍🔥ACE IN ONE DAY❤️‍🔥"""
SAFE,"""[WotLK] Pepega leveling"""
MATURE,"""surprise mf, french fries mf, cross eyes mf [PC/NA] 18+ !song !fanhouse !love (add number/name)"""
SAFE,"""!showemote Sculk farm ACTUALLY today fr fr foryzzy chizzy glizzy no caperino | Hardcore 6200+ days | !7tv !discord  !project !pb !whoasked"""
SAFE,"""Comm and then Halloween Stickers! -- Also .. !discord"""
MATURE,"""Survival PvP"""
SAFE,"""ROCKET LEAGUE RANKED 2s & 3s IM WASHED UP | !Prime !Psn !Socials !Subtember !Shareplay"""
MATURE,"""18+ [Vampy Boy] Chef Kuma and fwens"""
SAFE,"""GD SEASON 4 HYPE HYPE HYPE - scuffed builds galore | !discord !ig !scattergories"""
SAFE,"""ARCHBISHOP DR. LESLIE MORGAN"""
MATURE,"""🌸 Fox's First Time Playing"""
MATURE,"""✨Continuing Deus Ex Human Revolution Play-through !sa !drop !dixper❤️🧡💛💚💙💜"""
SAFE,"""600LP Start / Qiyana insane player LOOL OMEGA ROFL"""
MATURE,"""RuneScape & Coffee | Iron Mango Soon !playlist"""
SAFE,"""Super 死ね World"""
MATURE,"""[EU] 71+ RDM Solo Heaven-on-High (GNB 71+ if I die)"""
MATURE,"""Mornings with Mark: A Pleasant Lil Ooblets Stream"""
SAFE,"""Truly Bedrock Derpage!"""
SAFE,"""🌙 My master, welcome back home  💗 uwu, mouth sounds, ear licking"""
MATURE,"""CHARCOAL !!  By the way, YOU ROCK !! - !kofi !merch !socials !klazmo - Road to 5000 Followers !!"""
MATURE,"""i love PRO TOOLS"""
MATURE,"""RL1 for a little bit  | !discord"""
SAFE,"""Channel Points For HC Pixel Pets 🐾 Pet Simulator X 🌟 24/7 Live Stream 🌙 #Giveaway"""
MATURE,"""[AUS] The Undergamer Is Gonna Start A Fantasy Warfare In WWE Allstars."""
SAFE,"""Chill Vibes & Games w/Viewers <3 #ad !raid (D3)"""
MATURE,"""HAPPY TUNESDAY WAKE & BAKE 3 hour stream| Underground Chill Vibes ;) LETS PARTY JUST A LIL BIT ;)"""
MATURE,"""All the way up. | !tiktok !yt !discord !settings"""
MATURE,"""Zooming trough LISBON, smoking CBD and looking for adventure! What's good in the hood :0 PORTUGAL VACATION ADVENTURE !s !wheel"""
MATURE,"""(Cat Cam) (85) 6'4 PG Play-Sharp (:"""
SAFE,"""""Now I've heard there was a secret chord, that David played, and it pleased the Lord, but you dont really care for music, do you?""(ENG/HUN)"""
SAFE,"""<LEVELS> 3k+ Rshaman+ Priest stuff | SUBtember! | !Apply !Que !Points !Team"""
MATURE,"""Tuesday lezgooo🔥5k start balance // TOURNAMENTS // Game suggestions // PRIZES 🤩 WEBSITE: dicegirl.casino // (18+)"""
SAFE,"""It feels like Deja vu!"""
MATURE,"""M+ 15-20 viewer keys before reset 🕘!keys !join  || 2.6K rio + CE Tank Retail PVE"""
MATURE,"""[Vartist] smol paper dgjashgdhasjhd !commission !queue"""
SAFE,"""got any Disney song suggestions?  ʕ•́ᴥ•̀ʔ || #173 !sl !1500"""
MATURE,"""[AUS|PCG] Kamikaze Offlaner | !sponsor !merch !charity !event"""
SAFE,"""ASMR COOKING 24/7"""
MATURE,"""morning streamer? | new vid !yt & !throne ♡"""
SAFE,"""🐦 Backyard Birbs and Good Friends! 🦃 !happy !cameras !emotes 🌞"""
SAFE,"""Roblox doors with Viewers! ROBLOX DOORS! !join !link"""
MATURE,"""[MY/EN] Less Is More !subtember // !welcome"""
MATURE,"""[Xbox] Good morning! Launching Nukes, Expeditions, Events and much more! Come on over and kick it! | !commando !discord"""
MATURE,"""UK / Demon Demo Player. Games With Viewers!  / 86/150 Subs !tiktok !Discord"""
SAFE,"""MASTER TIER SUPPORT | Newplayer/noob FRIENDLY | DRAMA KING 👑"""
SAFE,"""#1 PC RANK TRIES New zen... / vibing (idk why am I live at this hour) (arouf is gae)"""
SAFE,"""DAO TUESDAY IN DECENRALAND A CRYPTO PLAY AND EARN METAVERSE"""
SAFE,"""(OCE/AUS) DAY 114 OF FINDING A SUGAR MUMMA | !NEWVID !discord !socials"""
SAFE,"""(Day 4) 2 Year Anniversary Endless Subathon!  !subathon !code !giveaway"""
SAFE,"""New Season Games With Viewers! + Arcane TIER TALK?! - !discord !youtube"""
MATURE,"""Exploring the newest season of Fork Knife!  LOL"""
MATURE,"""[Light-Lich] WERE BACK BOIZ! - Island Sanctuary - Chill Stream - New Emotes! !clip"""
MATURE,"""485 November | nopixel"""
MATURE,"""ASK ME ABOUT MY BOO BEE! We're giving away FREE energy here!"""
SAFE,"""Solo Speeds With a touch of rage"""
MATURE,"""WHO DID THE IGGY RACE?"""
MATURE,"""Tokyo/JPN) - SUB-TEMBER!!! Quick Game Stream with Dad   | !Youtube | $1/100bits TTS  |  !Patreon !socials  |"""
MATURE,"""BOM DIA MEUS QUERIDOSSSSSSSS <3 em busca do elo perdido"""
SAFE,"""Let's for Caverns"""
SAFE,"""[Blind 1st Run] The Darkest Timeline"""
SAFE,"""🤟Live Metal Recording!🤟-> !fun <-🤟!sl • !patreon • !music🤟"""
MATURE,"""Getting my butt carried just like every other day"""
MATURE,"""[EN/ID] Left 4 Sigmar | !nt !hype"""
MATURE,"""We big chillin wid my boy nugget on the call"""
MATURE,"""🎉Celebrating 1 year on Twitch!🎉 | !discord | !socials | 18+"""
MATURE,"""IT'S CORN (WWZ)! I can't imagine a more beautiful thing"""
MATURE,"""[Silph Co] Radical Red Hardcore Mode HC Nuzlocke!!! (v3.02) !discord !nuzrules"""
MATURE,"""strikes and other bullshit...  18+"""
SAFE,""""""
MATURE,"""[MR25][PC][WF Creator] Oh Boi... Back To The Zariman Grind :("""
MATURE,"""Sounds For People 🔈"""
SAFE,"""ULTRAKILL (1998) | !commands"""
MATURE,"""[EU] [PC] 1ST EVER KAPPA SOONTM? NEW LUMIA UPDATE BETA! | BITBOT ON | SOUND ALERTS ON | !commands"""
SAFE,"""UN warm up/practice, time for the DLC's & Masterlevels !youtube !gamelist"""
SAFE,"""💥|!XSET ❌|🍂 !SUBTEMBER 🍂| COMMUNITY DAYYYYYY 😄😄😄😄😄// TAKE A BREAK FROM ALL THE TWITCH DRAMA AND PUT THIS STREAM ON UR SECOND MONITOR"""
SAFE,"""MoonkaSteer"""
MATURE,"""TeamUp Tuesday - w/The_Lyrical and friends! ( AUS | ADHD | PC ) !miu"""
SAFE,"""Game Stream | Back to valo stream?| !seiso !hugs !commission !discord !twitter"""
MATURE,"""THE JANKY PROMOTER #VirgoSZN #TREYSZNOVER"""
SAFE,""""""
SAFE,"""Fursuit Cat Skull Mould Making !ott !Oodie !makers #furry"""
SAFE,"""Kiri_ASMR  Japanese talking  [LIVE 24/7]"""
MATURE,"""18+!!!! HOW LONG WILL I STREAM NO ONE KNOWS"""
SAFE,"""Dad does Trials Help! // !help"""
MATURE,"""♡ FINISHING UP ON VANGUARD (MP + ZOMBIES) ♡ !sneak !discord"""
MATURE,"""💚 MELODIC BREAKS 💚 #teambrisk #twitchmob"""
SAFE,"""[New Drops] Chilling finishing weeklies -> card runs maybe | !server | !roster | !abilitystone | !7tv | !Class | !Shop | !socials @Tennp0"""
MATURE,"""[🅴🅽🅶] 🆂🆃🆁🅴🅰🅼🅸🅽🅶 🅻🅸🅺🅴 🅰 ........"""
SAFE,"""I’m back at it"""
SAFE,"""Super Tuesday! - DRUMS! - Open Requests! - Awesomeness! - !dance !party !vibes"""
MATURE,"""[18+] Micromanagement mania, day 2: Prison Architect. !bonk !charity"""
SAFE,"""🐍🟩Demon Slayer🟩🐍!"""
SAFE,"""FUT Champions LigaPro Daily Cups """
MATURE,"""blank. | !discord !socials !talon"""
MATURE,"""Mori Me Like One of Your French Girls ❤  [18+/ENG] !raiders !adv !throne"""
SAFE,"""Playing A Bit Of Our Hardcore Zomboid Series Can We Survive This City ?"""
SAFE,"""playing DK for first time in WoW classic | Raft later!"""
MATURE,"""Demon playing with rats! YES YES YES!💙✨ Comfy Demon Time!"""
SAFE,"""Oowowoo 24hours stream HAHA JK˚✧ ﾟ  !subtember !thanks"""
SAFE,"""30X - FREE BELLS GIVEAWAY - Animal Crossing Treasure Island - NMT Giveaway - Sub To Join Private Islands & Remove ADs"""
MATURE,"""[FurTuber] [PCG] { !command || !disc } ♥ Moving Soon  ♥"""
MATURE,"""drunk cult things cause strim is broken ♡  | !join !discord !rogue"""
MATURE,"""Peader Hyland | New Chance RP | !Sub | !tip | !Socials | !GA | !Discord"""
SAFE,"""HUT Champions LigaPro Daily Cups"""
MATURE,"""Smile<3 Its Tuesday!(: Remember to Smile and Have A Good Day<3"""
SAFE,"""Welcome❣ PS4 red cloak time ❤ Spending time with you in 2022💞"""
SAFE,"""chilling ♡ // !discord !pugs"""
SAFE,"""[UK][PC] Hi I'm BlackBoye, nice to meet you! - 1 Sub = 5 Push ups | !socials !discord !coaching"""
MATURE,"""Chill Wind Waker Vibes"""
MATURE,"""Unbeatable Squad! || NEW EMOTES || !tiktok || 4,100+ Wins || BDE || Vibes!"""
SAFE,"""Outlands | NEW OUTFIT?!?! | The Jester | !GIVEAWAY"""
MATURE,"""[AUS] poppy playtime chapter 2 <3 !lurk !socials !qotd"""
MATURE,"""do your best today (:  || pomo 40/7 | lofi | !taskadd !done"""
MATURE,"""[PS5] 12hrs of Axiom!! #NoHope #RIPDAD #HeelbillyInJapan !streamloots !discord"""
SAFE,"""Duo fills until I get gud :c !twitter !discord"""
SAFE,"""Sydney White Bellied Sea Eagle nest"""
MATURE,"""[MNK] Loba + R301 Trying not to change sens | !japan Mouse Enthusiast !sens !mousepad !mouse"""
SAFE,"""tires go quick"""
SAFE,"""When did you ruin a date?"""
SAFE,"""Week-long Anniv+2k Celebration starting this weekend! Aranara+Stories+Event~ !welkin !sr !wishinfo !twitter !discord [GI#162][Fil/Eng][Asia]"""
MATURE,"""Livonia Vibes || !merch !empyre !rogue"""
SAFE,"""Week 2 TOTW | !hang !YT"""
MATURE,"""Today will be chilling out and possibly trying to learn some more things in DCS"""
MATURE,"""(Ep 40) Roll for Loot | Xantian the blacksmith with a tavern of gods in his head. | Trying to make pets stronger and look for adventure."""
MATURE,"""Markers Art! | !Patreon !Shop !social"""
SAFE,"""e !link"""
MATURE,"""Daddy loves you, period.  || CC"""
MATURE,"""Make sure you've got enough change for parking."""
SAFE,"""[ENG] 🔴 Capturing Outposts Best Task in the game / !Discord / !Socials / !Outcasts / !Tourney🎇BitBot : ON🎇"""
MATURE,"""[UK] Yeesh, we go again // SUB with prime // !hi5 // !motto // !popcorn // !brows // #ToonaFam"""
MATURE,"""12 HOUR STREAM MW2 GIVEAWAY l Positivity, Chatting and Warzone! | !socials !400"""
SAFE,"""Runestake Chest Openings & Reward casket/case openings - 5000 tokens start"""
MATURE,"""Come CHill before the Storm Tonight... Gifted Sub Jumpscare Challenge OPEN ~~~ !youtube !yqcmd !socials !sl !gank !unipin !pokemon !guest"""
MATURE,"""Top Taz Player Improves His Gameplay!"""
SAFE,"""""Grab my op""? Why don't you just grab me? | thank you for 1k ♥"""
MATURE,"""[EN] Farming by day Witchcraft by night! Launch Day! !pandapass |CC|"""
SAFE,"""Fresh, Giantstalker. Death knight"""
MATURE,"""Lets get good :) Learning & Climbing"""
MATURE,"""[EN/PHVtuber] VALORANT NUZLOCKE!? !rules !discord"""
MATURE,"""[comfy] cosy time⭒ – : ✧ : -˚̣⋅ ."""
MATURE,"""First time on story mode | !raiders !sounds !commands !discord"""
SAFE,"""Needing Caffeine and Some Escapes Please and Thanks | !socials !gfuel !discord"""
MATURE,"""Time to try 1-man abyss? | !q (view queue), !abyss (free abyss clears; form temporarily closed), !discord (news on form opening)"""
SAFE,"""Reach Acrophobia Speedruns"""
MATURE,"""(SWE/ENG) this one time in conan, a viking came in ...! 18+ stream !socials"""
MATURE,"""A spot of Battlefield and Metal"""
MATURE,"""MAKING A PSX HORROR - WEEK 15 #THANKSKILLINGDAY #PSXaesthetic"""
SAFE,"""[Tokyo, Japan] Plz help stop me from spending all my yennies on the Atlus web shop 😂 First Playthrough 🖤"""
SAFE,"""ITS THAT TIME!!"""
SAFE,"""Honey, sit on my lap, It's Skyrim time~"""
SAFE,"""grey goose to make her loose =^.^= 18+"""
SAFE,"""😳waiting for valorant to come back 😳"""
MATURE,"""Uncapped Subathon/Donathon! Day 7!"""
SAFE,"""Our Fable Begins! {Story Focus}{Subathon Reward}|| Mountain Shade Library 10.01"""
MATURE,"""62K CS [Glades] Today IS HARD CLASH CARRIES!!!!!! ALSO SUPRISE GIVEAWAY TO SUBS TODAY"""
SAFE,"""Have You Checked On Your Strong Friends| !sh #gamehersnominee #bigCreatxr !javy !vote !boogmerch !hbomax"""
MATURE,"""Credit grinding for M4 54    !Rene 9,6k    Rene/Skorp g marks done!"""
SAFE,"""Web2 Gameplay! - Fall Guys"""
MATURE,"""first play of hades ~ !alerts !tip"""
SAFE,"""🍑💦 BIKINY OVERWATCH 🍑💦 BRAZILLIAN GIRL 🍑💦 [Rerun]"""
SAFE,"""TwitchSMP chaotic building- | !discord !youtube !smp"""
SAFE,"""Gatecamp Watch: Ahbazon, Uedama, Tama, Sivala, Ohide, Odin, Esescama, and Sasoutikh!"""
MATURE,"""Fortnite, but make it that weird Fairly Odd Parents Episode where everyone is blobs| Bi Cozy-Chaos | !sounds !discord"""
SAFE,"""🎯BTC🎯- 1% INTEREST RATE HIKE?? ALT COIN Day Trader - 🌊🌊SHERLOCK WAVES🌊🌊 BITCOIN AND CRYPTO"""
MATURE,"""18+ (Vtuber) ♡ Wandering... stumbling... into the fog ♡ 1K Follower push ♡ Donations greatly appreciated ♡ !lurk !discord !dadjoke"""
MATURE,"""nopixel WL || Roberto ""Steez"" Breeze"""
MATURE,"""morning queue uwu owo | 600lp peak Akali |"""
MATURE,"""Putting the Totoro embroidered box together | Welcome to the Crafty Tavern!"""
MATURE,"""[MSEA Aquila][EN/CN/SG]Patch Notes Waiting Room|!discord|!sr (url/title)"""
SAFE,"""No Idea What I'm Doing, HELP !"""
MATURE,"""Solo Stealin 😈 [PVP/Tucks]"""
MATURE,"""""Welcome to Africa"" Resident Evil 5 Pro w/ SnookyShogun"""
SAFE,"""Co-working stream | Your daily dose of motivation, 6+ hours, 50-7 pomos - !subtember - !new-  !discord - !site"""
MATURE,"""(Rerun) 💖 18+ 💖 Sexy Hot Tub Moments 💖 💖 Follow & Relax 💖"""
MATURE,"""After a long debate I decided to play.... the same exact thing as yesterday"""
MATURE,"""Modern Warfare 2"""
MATURE,"""😈🌙 SUBATHON Day 12 🎃| BDO Partner | !wishlist  | Redebut soon."""
SAFE,"""testing only (no mic)"""
MATURE,"""18+ | Late Birthday Stream, come and join us! | !chill !birthday !discord !love !peace !perfect"""
MATURE,"""Reet, come on let's be having this now!"""
SAFE,"""marbs -> subnautibruh | !SUBtember !pokehelp !discord [AUS]"""
SAFE,"""|OCE|S**ter plays builds"""
MATURE,"""Rise N Grind"""
SAFE,""""""
SAFE,"""SPIDER GWEN STEFANI GAMEPLAY | !tiktokbars | !bars | !bars2"""
MATURE,"""The VR Morning Show - JansenFox"""
SAFE,"""[JP/EN] ARAMやるよ～ 開始遅くなっちゃったぁ"""
SAFE,"""Human rights violation what is please? road to redemption"""
MATURE,"""The Misadventures of Helmut Kruger | Hitman Trilogy | Day 01"""
MATURE,"""[Game] Chill stream where Wysh plays Graveyard Keeper | !discord !cc"""
MATURE,"""TUESDAY MORNING STREAMZ!"""
SAFE,"""⭐ BIKINI HOT TUB PARTY 💖 NO DRAMA 👏 ONLY HOT TUB 👏 [Rerun]"""
MATURE,"""TFT THERAPY CURES MY SOUL!!!! D4 START GOING TILL IM NOT SADGE ANYMORE!"""
MATURE,"""24 hour stream!  BIRTHDAY!   i don't know what i doing.  help me.  i'm scared!"""
MATURE,"""[PC] More heart breaking, gibbing hearts? !entrance !discord !goodjob !loadoff"""
MATURE,"""Det. Simon Trace | TRP | !server"""
MATURE,"""SPOOPY VISAGE TIME!!! | Scuffed streamer tried to do another 24hr Stream?! | All aboard the hot mess express!!| THE BAR IS OPEN: !MENU | 18+"""
MATURE,"""[18+] Corg-tember month long  subathon day 18 - !sub !kofi !amazon !discord"""
SAFE,"""Тестим фарм экспедиции и харвеста со стаком паксайза."""
SAFE,"""⚠️⚠️⚠️⚠️⚠️  {!discord in chat}"""
SAFE,"""Eyebrows better give me Epona [First Playthrough] !navi"""
MATURE,"""IS BRAY BACK? WEED & WRASSLIN...CUSTOM CAWS FOR SUBS #SUBTEMBER |  !SOCIALS | !STREAMLOOTS | !AVERY | #BLACKLIVESMATTER"""
SAFE,"""[39] Shizukana ☆ | !rank !record !socials !seam"""
MATURE,"""Officer Gumtree, Back in Action | Thank you s0phr0nius! | EchoRP | 21+"""
MATURE,"""Metal is the devil's music after all | !ssr [spotify url] for song requests |!link !merch !discord"""
MATURE,"""2 Year Partnerversary ❄️ #1 Chill gamer plays Fortnite ✨ POG TIER Gameplay Always ✨ Happy Tuesday !subathon !cards !socials"""
SAFE,"""Steam is down! come watch this stream instead! 😂"""
SAFE,"""west side but playin east side azena"""
MATURE,"""Everyone Welcome! Come play with me if you want"""
MATURE,"""Wawy's Weburf Woyale (Speedball 1v1s later!) | 1400 WINS | 49 PR | 23 | Sweats.gg Content Creator | !tiktok !yt"""
SAFE,"""18+⛔{Ear.Licking}{Ear.Massage} With Me In My Private Galaxy"""
SAFE,"""தமிழ் / ENG - MASTER KINGS FALL RUNS - !gamble !songrequest !patreon"""
SAFE,"""Titled Tuesday / !club"""
MATURE,"""🔴Casual Valorant Tuesday.. Time to move YouTube? | 🏹 CLICK HERE! | !youtube"""
SAFE,"""POSITIVITY WILL PREVAIL IN THE BOT LANE !!!"""
SAFE,""""""
MATURE,"""Non-Toxic Jungle Diamond To Master Climb (Panth, Bel'Veth, Fiddle, Zac)!  Chillest Stream on the Planet!"""
SAFE,"""Rise 'n Shine! NEW EMOTES :) | !subtember !socials !yt"""
MATURE,"""if a cargo plane is full of goose feathers, is it called a downed aircraft?  1 week till my birthday | !rank !age |"""
SAFE,"""[OCE/NZ] Chill Vibes Games :)"""
MATURE,"""(AUS/PC) Ranked Placements !discord"""
SAFE,"""DEGEN TIME DMS #community Clurvvvvvvvvvv"""
SAFE,"""What came first, the chicken or the egg? ♡ !discord !hug !love"""
SAFE,"""Be Your Best Self  ପʕ ๑•ᴗ•๑ ʔଓ // #RareGANG - ♡"""
MATURE,"""VALORANTE -> NP RP | NEW EMOTES | !daphlove"""
MATURE,"""900% no pause - how dare you don't watch @AwkwardSeb and follow him TANTIES"""
MATURE,"""Channel emotes, packs and showcase updating ❤️ [18+] [SWE/ENG]"""
SAFE,"""LTN LIVE + FROST PLAYS GAMES DECENTLY + STRONG TOWER RECAP"""
SAFE,"""SHINY ETERNATUS EVENT!! REQUEST ANY SHINY BDSP SWSH PLA"""
MATURE,"""FISHING. Let the quest for the 10 kilo pike begin. (day 1) welcome ❤️"""
SAFE,"""[ROBUX SPINS] !spins !socials !adv !discord"""
SAFE,"""UNCAPPED SUBATHON (DAY 3) 🌟 $10.000 IN POKÉMON GIVEAWAYS; SLABS, BOXES, PACKS, HITS & MORE 😱 !SUBATHON !STORE !DONATE !RULES !FAQ [EU/INT]"""
MATURE,"""Bullets and Agony (DOOM 2 - Bloody Steel)"""
SAFE,"""Immortal Severance Glitchless Run Badly, Sekiro: Shadows Die Twice Speedrun"""
SAFE,"""stressed out of my mind frfr ( ˘͈ ᵕ ˘͈♡) | !youtube !hair"""
SAFE,"""Free Entertainment & ASMR"""
SAFE,"""SMP spawn build | Creative| Modded | !pronouns !dice"""
MATURE,"""DEMON MODE | !subtember !discord !socials"""
MATURE,"""Rock Me AmaDEUS (Ex)"""
MATURE,"""🖤 SOLO Q VIBES| !SOCIALS !SENSE PLAYING RANKED"""
MATURE,"""solo quiet late night/early morning degen hours ♡"""
MATURE,"""Just a mic, NO LIGHTS BIG FIGHTS #BMDC #TeamJaded"""
MATURE,"""Jack Grimes Says CAAARRRLLL | Subscribe on !YT to Support Jack! | 12 Days Until TwitchCon"""
SAFE,"""3.3 RET  «LEGO»  !addons  !Armory  !Stats         hello"""
SAFE,"""Casual Playthrough | !throne !discord !YouTube !socials"""
SAFE,"""do it fart? do it shart"""
MATURE,"""WHat is this? How do I? Oh naur!! !discord !steam !merch"""
MATURE,"""Holocure: Surviving and Chatting  | !social | !TeamRavin | !Discord"""
MATURE,"""THE BEST HYPE SUS STREAMER EVER  5subs=5blows !tiktok !sus !high  ✨💜🙏"""
SAFE,"""eCricket World Cup (5 overs)"""
SAFE,"""COOLIN' IN THE 757"""
MATURE,"""🔴 Learning to Pure PvP 🔴"""
SAFE,"""✅242 LP start ✅CHILL GAMES ON MASTER SMURF ✅ tumor in head ✅ winners q (kappa)✅fiST RaNdoMs✅✅!playlist✅music goin crazy✅Skarner✅heca✅eve✅"""
SAFE,"""#ad !hellofresh in chat Enjoy the vibes <3"""
MATURE,"""chill day PLAYING WITH VIEWERS | !sr with YouTube link | !tiktok | !rank | !join"""
SAFE,"""CITY GIRL AFK (390+ HOURS) UNCAPPED SUBATHON I !GIVEAWAY !TWITTER !DISCORD !ADD"""
SAFE,"""Dead by daylight Noob"""
SAFE,"""test work stream !socials"""
SAFE,"""24/7🎁LOOT DROPS🎁 WITH DK | FREE EXCLUSIVE SKINS & GIFTCARDS IN !STORE !BOLTS💜ST JUDES CHARITY💜😊⛱ 👑⏩ !SOCIALS"""
SAFE,"""Tuesday. Housing Data On Tap! $SPY $IWM $QQQ JayTrading = Active Investing BETTER THAN Trading (Gambling). Eyes open, NO fear."""
SAFE,"""TOP500 DPS MY TEAM SUXXXXX AND ENEMY CHEAT"""
MATURE,"""quick strim day 269 YEP (σ≧▽≦)σ !!! || !RogueEnergy !qotd"""
MATURE,"""[OCE/AU] 448 | Sprats consumer consumes Sprats | What's your favourite sour candy?"""
SAFE,"""Alt keys M+ !fae"""
MATURE,"""💀killer matches | DIXPER ON | New Art coming soon | #JUICDenergy !juicd"""
MATURE,"""Praedos Evolving and Holdfast reps | SUBtember"""
SAFE,"""Kamen Rider, Super Sentai, Ultraman and more from Shout! Factory TV! (US/CA)"""
SAFE,""""""
MATURE,"""500M Drop party @ 1000 followers || - Optic statue giveaway in bio"""
SAFE,"""Live Seismic Monitor"""
SAFE,"""Securing pred :) | 15 yo Danish Prodigy :D !socials !youtube"""
MATURE,"""18+ <3 Do we have an Ori baby or do we cult it up?! <3"""
SAFE,"""TULIPS TUESDAY | NCS DAY 20"""
MATURE,"""✨ If you eat tomatoes on bread you don't deserve happiness ✨ !thesis !etsy !dixper !clip !discord"""
MATURE,"""WHPD Patrol 💥RP💥 Wormholes are much safer than you've been led to believe!"""
MATURE,"""chilling | mommy Milkies| 02 cosplay  | 420 | !socials !Discord"""
MATURE,"""6 DAYS LEFT  doig some prequesting  and  1 hosting 1 more SWP today"""
SAFE,"""Shiny Ferroseed? modCheck? | !trio | !subtember"""
SAFE,"""DAY 2 LATE BDAY SUBATHON | Jenshin abyss malding > Holocure > smtg else? | !subathon"""
SAFE,"""[AUS] ENVtuber / The Shiny hunter returns! Anyone miss me? / 178/224 Shiny Living Dex / Cozy Stream Vibes / Let's meet some new friends!"""
MATURE,"""Ya'll like MW or MW2 Better? 💜 /host HarleyModz for a Giveaway Ticket! | !Discord !Wish !Cash"""
MATURE,"""improving comfy currency strat | 🐺!youtube !discord"""
SAFE,"""themuzikconnexion live stream"""
SAFE,"""TRP | Jeet | Smile"""
SAFE,"""\(ಠ⌣ಠ)/[NA-W Valtan i1490 Deadeye] uhm racecar finish all the raids"""
SAFE,"""Demo Main //  nice title chief  // !youtube"""
MATURE,"""[RO/ENG] !tiktok soloq"""
MATURE,"""We're All Mad Here 😈😤🙃"""
MATURE,"""Pineapples fell from a tree and hit you in the rear!"""
MATURE,"""wut"""
SAFE,"""ELUSIVE BOOTS REALLY ARE"""
MATURE,"""BLUE PRINT ROLEPLAY| !server|GRANDMA SHIRLEY BROKE AS HELL| MORNING GRINDING| GJG"""
MATURE,"""Come Check out Jam as he gives chills and thrills!, Playing Resident Evil: Code Veronica, Come Chat and Vibe! Lets save Hosting!"""
MATURE,"""[Chill streams for cool cats] Freedom Planet again for the second time 2!"""
MATURE,"""[PC][Aus] Day before 2 year Streamiversary  stream!!! I'm excited!  !discord"""
SAFE,"""New Season is HERE"""
MATURE,"""4000 hour huntress main | !Rogue Partner"""
MATURE,"""Just crossbow things"""
MATURE,"""o no!!! not another cult| !goal | PTSD | Anxiety |"""
MATURE,"""Drops Enabled, Casual's With Friends, Degen Gamer"""
SAFE,"""The Suffering Games: Flagnorf | !sufferinggames"""
MATURE,"""HELLO TEAM. LETS SMASH SOME KEYS"""
MATURE,"""Defend the castle!!"""
MATURE,"""making the best resturant W/ TheMixedRatkuhn (873/1000)"""
SAFE,"""( •̀ ω •́ )y comfy valorank"""
SAFE,"""🇰🇭CAMBODIA - Taco Tuesday? !latestvid !subtember"""
SAFE,"""more pain | !discord"""
MATURE,"""BLESSED BY PARDI KARBU EZPZ"""
MATURE,"""What does it mean to be wholesome?"""
SAFE,"""Omori First Playthrough 🌸*pls no spoilers*  | New Youtube Video! !newvid"""
MATURE,"""thicc bear late hangout !commands"""
MATURE,"""The Boys Are Going VEGAS! !500 (road to 500 subs)"""
MATURE,"""“The pessimist sees difficulty in every opportunity. The optimist sees opportunity in every difficulty."" — Winston Churchill"""
MATURE,"""Ranked Grind To GrandMaster | Jungle | Mid Main | Subtember Love !Sub"""
SAFE,"""GOT DIAMOND VANILLE, GETTING DIAMOND KARATE FISH NOW | Hypixel Skyblock"""
MATURE,"""(18) Good morning, how I've missed you! (3097/4000 follower goal) #smallstreamer"""
SAFE,"""balding 4 foot child with anger issues | hunting for e-women day 23 |  !discord !socials"""
SAFE,"""Roblox BEDWARS PRO GRIND WITH VIEWERS! + CUSTOM DUELS!"""
SAFE,"""[DrowTuber] Tamagotchi Tuesday! // Lewd, Horror, Occult // lizifer.com ~ !dixper"""
SAFE,"""👑BEDWARSSSS!!!  I Minecraft hypixel I !discord !lurk"""
SAFE,"""Drawing some Erobellica art on Stream  !discord !twitter !redgrass !miniature !donate"""
MATURE,"""【Beetuber】(DAY 3) No cap STREAM-A-THON Filling the doodle board"""
SAFE,"""TIBIA FEROBRA"""
SAFE,"""Showmatch : CN ruler / OcTIeu vs Leo"""
MATURE,"""Variety Gamer. Variety Game. Morning Vibes #CSSC #MAGICMANSION #FFlyEaglesFly #Competitive"""
MATURE,"""LEVER OMG I'M CRYING !shrimping !shrimparmy !onlybots !bangers !code !team"""
MATURE,"""🔴 100% Honesty Only !discord 🦉"""
SAFE,"""Early Morning TFT grind"""
SAFE,"""Time for More Dungeons! !goals !discord !red"""
SAFE,"""OUTLANDS!! CODEX/SOCIETY!! STRANGELANDS!!"""
MATURE,"""Surprise! // !giveaway  !getauec  // ""!getjoke 199"""""
SAFE,"""[AR50/EU/F2P]🌸Continue the Archon Quest on my second acc🌸Counting the days until 3.1"""
MATURE,"""Hello Lovers!!! #chill #LurkAtWork"""
SAFE,"""First Playthrough! There can only be one Juan & Will we finally beat papa?!? !bs"""
SAFE,"""[Twitch Integration] MEDIEVAL WAVE SURVIVAL 💯🔥👌  | PCG + SR"""
MATURE,"""SpriteClub Betting - Play on SpriteClub.TV!"""
MATURE,"""pocket dimension's innkeeper takes care of you [ASMR]"""
MATURE,"""honestly, idk what we're doin, shooting? ￣へ￣"""
SAFE,"""TWiT.tv - This Week in Tech - Chat at irc.twit.tv"""
MATURE,"""24 Hour Birthday Stream with Chat"""
MATURE,"""GratiTuesday Breakfast & Feelings Check-In | Peer Support | Active Listening | Heavy Me(n)tal | Cats !amazon !doodle"""
SAFE,"""Survivor Fun with the bois!| !Podcast"""
MATURE,"""Live2d Vtuber Commission! My Baby!"""
MATURE,"""🥳🎉BIT Shots&HS Dabs🎉🥳🍿🎥Movies/Shows/Music🎬🍿🍀PCG🍀!Poll !commands !HSDab"""
MATURE,"""Bangers??  | EAD | PC |"""
SAFE,"""shade spanking !yt for 31 gambit run | 136k ST > !pump || 3921rio S3 | !clip !ui !yt"""
MATURE,"""Can we hit our sub goal?!!Subtember !!!insta !tip !bbx !tiktok sub goal 0/5 #LSW #oddsquad #KDT #"""
SAFE,"""1050LP Katarina EUW"""
SAFE,"""[EN/KR] RTR APAC SERVER! - !Youtube !Socials"""
SAFE,"""rocket league game sense activated. SAP in 2hrs!   ||  Check out my !youtube ! :)"""
MATURE,"""[18+] No more sifu, no more screm. Only ball."""
SAFE,""""""
SAFE,"""Back to being a god of dad | !dainty !coffee !crochet"""
MATURE,"""!donate !starlight DAY 20 OF STARLIGHT SEPTEMBER: Pokemon Red with the 1UP !1UP !barrel"""
MATURE,"""Taco Tuesday!! loops for days!!    love yall!!!   !pronouns | !dixper | !disc | !battle | !join | !dbd | [18+]"""
MATURE,"""2nd year anniversary stream!"""
SAFE,"""Dr. Jeffy Coldiron| Early Bird| NoPixel WL| !discord !social !Team"""
SAFE,"""5stack comp !pp !discord !modapp"""
MATURE,"""Roguetech - Anyone got any more of those toys?"""
MATURE,"""I DON'T KNOW WHAT TO PLAY ANYMORE. | !suave !wholesome !jumpmaster"""
MATURE,"""Neko Subathon~ 1sub=20min | She/Her"""
MATURE,"""Music synced 3d action game // gamedev,c++,shaders,music,skateboarding,feelings"""
SAFE,"""[Non-Toxic Killer] [Jason Plays] Highest MMR plays! Juke every killer! Kill every survivor! Now that I got your attention... <3 #IntoTheFog"""
SAFE,"""come be snuggly with me!!! 😋💋"""
SAFE,"""+18🍑 Watching Classic Mr Bean 🍑💦"""
SAFE,"""Hello team, lets play a game called...?"""
MATURE,"""12 hour stream for all the Sad bois and girls | !yt | Twitter/Insta @Shuume00"""
SAFE,"""GOING FULL GRIND MODE TODAY!!"""
SAFE,"""(PC/AUS) Val come and hang out! - !discord"""
MATURE,"""✨kirb goes poof✨"""
SAFE,"""gaslight girlboss hour | 24 / 48 hour stream | !song !sub"""
MATURE,"""Spiral abuse me~"""
MATURE,"""One Year Anniversary Subathon | !subathon !sus !pokestart !pp !f2p !sub"""
MATURE,"""eu unrated like a gremlin | !discord !trackcrash !gamemode"""
MATURE,"""chill stream"""
SAFE,"""Post-Event Trading and More! 💜 !streamraiders !socials !discord !youtube !amazon"""
SAFE,"""FULL TIME STREAMER | !youtube | @DREWTAYGA"""
SAFE,"""Just take our time 🔴8k project |  !np !gm !wl !medal !lg"""
SAFE,"""subtember! rebirth vibes  !YT !discord"""
MATURE,"""Back, refreshed and ready for the Trolling! - 7 Days to Die -  #vtuber !etsy !humble !voice"""
MATURE,"""Patiently Waiting For Lobas Heirloom | Ranked | !socials !throne"""
SAFE,"""The Drive w/ Raff & AD: September 20th, 2022"""
MATURE,"""PCG tier listing, we out here GRINDING || !pcg !pokestart ✨4 community shinies✨"""
SAFE,"""vanguard vibing |!jacked |!discord|"""
SAFE,"""ddfd234fg1f23jkoip546io2"""
MATURE,"""Community Cluster Day 10 ⭐️ Join Our Server And The Fun !"""
SAFE,"""[SG/ENG] SUBtember 1k Follower Goal! LFG! 💞 | !socials !discord !hype !schedule"""
SAFE,"""[PC][EN/PH]  Road to Being a Scallywag [EP. 05]"""
MATURE,"""🔴 [UK]Subtember Subathon with Scuffed Sessions[PC]🔴 Path to 500: 449/500! |"""
MATURE,"""#1 crayon eater!! 70k+ kills! 6k+ wins"""
MATURE,"""I was once a fan of chrome......now im nt so sure!!  R18 Mature"""
SAFE,"""Invasions, pvp, whatever we feel like. Come ragdoll me. | !discord"""
MATURE,"""Early Access Gameplay | Time to get stuck into a new JRPG from Square Enix! !socials"""
MATURE,"""(ENG/NL) Please don't make me sweat c: !discord"""
MATURE,"""(OCE/AUS) Short Stream | NEW SOUND ALERTS + TTS || !discord !yt !throne"""
MATURE,"""Early to play this. The last of our Mega Men. Then never again. Possibly Wind Waker later."""
SAFE,"""💕💕Chilling at HOT TUB 💕💕💕💕💕 - [ReRun]"""
SAFE,"""Sushi saves Flo's Hometown!! Diner Dash let's go!!"""
MATURE,"""Trying to hit Masters my 1st season |!yt !socials"""
SAFE,"""Fortnite then COD // Gaming ASMR // !gamergoo !advanced"""
MATURE,"""[ENG/PH] GOSU GAMING GEARS MOUSEPAD! | Review w/ Valorant and Apex! | !mousepad !codashop !oasis !socials"""
MATURE,"""Ranked Grinding ~ !TwitchCon ~ !lessons"""
MATURE,"""FFXIV - More P5S !prog Today | Distant Worlds Tonight!"""
SAFE,"""[no cam] Tilting  |  !CTV Creator Code: iBlackish_  |  !socials !discord"""
MATURE,"""[AUS/18+] Time to revive the fallen, and continue on the mission| !discord | !sr"""
MATURE,"""sad boy ish"""
SAFE,"""Words on Stream & Reruns :: Day 19 :: !subathon"""
MATURE,"""booty effect 2 | first playthru | insanity | !salt !sounds"""
SAFE,"""OPEN LOBBY! Trustmaster TX Gameplay! UWU!"""
MATURE,"""[18+] ✨Morning Hangout✨ Local E-girl returns to make your day <3 || !discord !socials"""
MATURE,"""Our Frostpunk journey begins."""
SAFE,"""I'm The Greatest Racer In This City"""
SAFE,"""VALTAN day !guide !bus !exitlag"""
SAFE,"""Tuesday tunes !! LIVE FROM STUDIO A  🌐 !! Pull up! (9.20.22)"""
SAFE,"""<3  Stellar Transmissions OldSkool  , Jungle , Drum & Bass  <3"""
SAFE,"""gcs/ladder"""
MATURE,"""GOOD MORNING, how r my lil qts doing~? ♡ | !discord ♡"""
MATURE,"""Lets go hunting <3 !discord !sub"""
SAFE,"""Resident Sleeper: 4"""
MATURE,"""Chewsday N' Chill? | !Wheel !Prime !Twitter !Discord"""
SAFE,"""[Eng/Fil] RETURN TO THE COPIUM CULT !gacha  (Thank you kirby for new sub badges <3)"""
SAFE,"""team draco practice + kweeendom community games ✦ !tourney !azarus"""
SAFE,"""RISE AND SHINEEE  !tiktok"""
SAFE,"""มาแปปเดียว  #WhatCity #Deargod"""
MATURE,"""comfy stream~ (im cutting stickers!) | ♡VTuber♡ | !socials !commissions !epal !yelan"""
SAFE,"""!gpose Chill Vibing - Happy Weekly Reset Day on 4 alts, PVP?  More gpose reveals?  Is this too much?  Should we just Temtem or Minecraft or"""
MATURE,"""Iris Nivira | No Pixel | Hi :)"""
MATURE,"""Remember when I said no stream today? I lied. | !clip !discord !socials"""
MATURE,"""🏳️‍🌈Jessica in the building with her fave movies! Disney between matches :)🏳️‍🌈 #BeKindRewind !discord"""
SAFE,"""[red99] TUESDAY GRIND! - we're back, and dinging 60 together"""
MATURE,"""[EN]  ✨arthard.exe✨ homework stuffs n maybe some rebecca Owo/✨!socials !discord !store !commission"""
SAFE,"""❤ ~ Falling in the Deep ~ ❤"""
MATURE,"""Last Subathon Ever (Day 35) ($1 = 5Mins) // 2CENT/SEC MEDIASHARE=DOUBLE TIME // $5dono/SUB//500bits = WHEEL SPIN"""
MATURE,"""Good things come to believers, Better things come to the patient & The best things come to those who don't give up |LOVE/SMOKE SHACK|BTPK"""
SAFE,"""DUB DUB EEE 24/7 2004 Toothless Agression Era Bay Bay"""
MATURE,"""[18+] NOT LONG"""
MATURE,"""Rocksmith+ / YouTube = Wr4thTV"""
MATURE,"""KARMA GIVEAWAY 14M+ 2K+ FOAMED & HIGH MMR !Giveaway !trading"""
MATURE,"""DANTE MUST DIE | NO ITEMS ❤️ Devil May Cry 3: Dante's Awakening – Special Edition HD Collection PC Steam"""
MATURE,"""Hope for the Day and Semicolon awareness month! !charity !DONOgoals !WF !Discord #ShirtMySurvivor"""
SAFE,"""STW *DOUBLE EVERYTHING* !KOINS - REDEEMS are back, all thanks to Zach (poet)"""
SAFE,"""Tokyo be wildin | !donathon !stepsis"""
SAFE,"""Saggers/Huggies - Labbing"""
SAFE,"""[EN/JP translation] Sculpting han_ten"""
MATURE,"""✩ baby's  ̶ ̶f̶i̶r̶s̶t̶ ̶ second witcher! ✩ | !discord !socials"""
SAFE,"""The war still rages within | CDDA | GER/ENG"""
MATURE,"""WWZ.. let's do this... come say hi I promise I won't bite 🤔😉🤔"""
SAFE,"""100 REC WIN GRIND ROAD TO LEGEND !sr !discord !twitter !donate"""
SAFE,"""[EN NA/AR58] Back home again, but for a short while. Archon Quest! ~ !PG !amber"""
MATURE,"""Timmy | BSK | Nopixel"""
MATURE,"""LIVE: 24/7 Crypto Podcast! Tell me what to trade!!  #CRYPTO #ADA #ETH #XRP #MATIC"""
SAFE,"""I hate mondays, especially on thuesday"""
SAFE,"""Redoing the ref sheet comms bcs I don't like it ft. my mod, freil <3 | !donate"""
SAFE,"""Games & Belated Birthday !giveaway • [ !subtember !socials ]"""
SAFE,"""Weekly Stream 🙃"""
SAFE,"""(HCSSF-K) !rip - !stance - jugg ripped to maven bug. (invisible corpses/dd) going same build agane  (Streamed every day for 1023 days.)"""
MATURE,"""Cozy Strim | It's SUBtember! :｡･:*:･ﾟ’★,｡･:*:･ﾟ’☆"""
MATURE,"""Chilling in Sin ❤  l !sc !hydrate !wishlist"""
SAFE,"""Chillaxin! 30H STREAM!!! [Fin/Eng]"""
SAFE,"""[SG/EN]  rappin while valoin again? [ new CP redeem keke ] !discord !meow"""
MATURE,"""🍅VP🍅 Stream Raiders Partner Grind🤙Dead by Daylight noob but confident!!!"""
MATURE,"""18+ late night fall guys! Hide your husbands!"""
SAFE,"""Can't sleep"""
MATURE,"""Grinding the ol stone!"""
MATURE,"""[Bano? Bisaya Collab] Valo collab with friends!"""
SAFE,"""Leyline Overflow :D - AR 60 Day 450+ - !art !drops"""
MATURE,"""!timer | !dixper | !quizlink 🔴🎮 What’s a vampire’s favorite ship? A blood vessel. 🎮🔴"""
MATURE,"""Coooooooooooooooooold.... whaaaa!"""
MATURE,"""reclears and chill┃ !discord"""
SAFE,"""hai !socials"""
MATURE,"""avg empty bed enjoryer I breakingls.ee"""
MATURE,"""[EU] 🛑fun chill, ups and down's.🛑 potatto Playing🥔🥔 !! Come Chill and have fun!!🥳"""
MATURE,"""+18 YOGA & HOT TUB [RERUN] BEST MOMENTS"""
MATURE,"""{VTUBER} v early, v sleepy, get your butts in here <3 !discord !insta !socials !sub"""
MATURE,"""Country Streakin' My Way Around"""
SAFE,"""[Rerun] Yoga Stream!"""
MATURE,"""""Granddad Plays"" © ... American Truck Sim (Taking a break from Lotro) ... ""I'm not weird, I'm a limited edition"""""
MATURE,"""MEOW IN CHAT IF U WANNA BE MY E-GRIL (NOT THE EMOTE THE WORD MEOW LIKE A CAT) | mmPeter_1TV ( mmPeter_1 )"""
MATURE,"""24 Hour Stream!!!! may cut out stay tuned"""
MATURE,"""AMAZING! He found the solution to one of the most annoying problems!"""
SAFE,"""where have these mischievous cats gotten to!!"""
SAFE,"""PT/EN Happy Tuesday! Brazilian family here! It's SUBtember ^^  | !sl !commands !love"""
SAFE,"""PepegaX is back from being on life support"""
MATURE,"""Nuke Plant Buildout"""
MATURE,"""V4 Confirmed 30/09/2022  | PDRP | !BasnAudio | 1,315/1500 followers | United Gaming | @SkirataGaming"""
SAFE,"""Has Chernarus Fallen?"""
SAFE,"""not cute, just psycho (NA eng/esp)"""
SAFE,"""ULTIMATE Sabrewulf! Then BEAST MODE ONLY! Metal Hellsinger \m/"""
SAFE,"""Novel concepts"""
SAFE,"""Very first stream in english, let's go! Super Mario Maker 2, skipping our way to 99 lives ---> !donation :]"""
MATURE,"""i suck or it's my luck Out here runn_n"""
SAFE,"""ｌｕｒｋ  ｚｏｎｅ  📡💤"""
SAFE,"""Playing TOTD💥SURELY TOP 10 💥INSANE 💥 FASTEST DINGS 💥 !why"""
MATURE,"""BIRTHDAY STREAM!!! I gave everyone Covid! (WORKING MEMES)"""
SAFE,"""Ascendant 2 - Jett and Chamber gamer all the way to Immortal. I'm Stronger. I'm Smarter. I'm Better. I Am Better | !tarkov"""
SAFE,"""(FF) Back onto the Golden Demon entry, let's get her arm done today!"""
MATURE,"""Updating....anddddd....."""
SAFE,"""DAs then maybe Temtem later"""
MATURE,"""《VTuber》18+ | Subathon DAY 5 | FINALE??? | Being slammed"""
SAFE,"""Crazyyyy anz POV"""
MATURE,"""First Playthrough Boi Pt4"""
SAFE,"""good vibes only :) | !twitter !join !goat !discord !sens !goal"""
MATURE,"""Duo stream with Mod ︱SUBTEMBER LETS GO! ︱ !cosplay !rxp"""
MATURE,"""Happy Birthday to me! Best gift is spending time with you. Raising money for Autism Awareness today! PC game giveaways all day!"""
MATURE,"""♥ Give a marble, I'll maybe give you points? ♥"""
MATURE,"""(18+) c🖤❤hilled vibes and safe space 🖤❤!patreon / !quote / !avatar  / !burp / !help"""
MATURE,"""Where's my catfood, offer it to me（︶^︶） | !subtember !giveaway !socials"""
MATURE,"""XB1 come hang new player welcome"""
SAFE,"""[EN/ID] menembak harapan... || Genshin > Apex || !announcement"""
SAFE,"""[ENG] BDay Un-capped Subathon!! !subathon | !4dh !donate !discord"""
MATURE,"""ARK Survival Evolved (PC, Official, PVE.) Gameplay on all maps! Come hang out!"""
SAFE,"""Live Now! 🔴Pikmin First Playthrough! ║  !friend !burp !coffee !hot"""
SAFE,"""MALHA - chill, mechanics? script, elo? heaven >_<''''' O_o ιlO_Olι o_0 ^_o O_º d+_+b (EUNE) !montage !cashflow1"""
MATURE,"""[SG/EN] happy Subtember l~ Are we in ranking luck today? !headset !matemate !roccat !rank"""
MATURE,"""Scottish Voice Actor's Bizarre Adventures! | AR 57 | !discord !socials"""
SAFE,"""preparing for !froggyfall 🐸  — ꒰ !backseat !discord !socials ꒱"""
SAFE,"""Colorado Blue ""Bruce"" Spruce | The Hidden | NoPixel WL"""
MATURE,"""Avenging the Stakes Ep. 2 - 5NL"""
SAFE,"""an attempt"""
SAFE,"""Raiding deez dungeons and maybe more? |  !discord !socials !bitboard"""
SAFE,"""Tuesday tunes <3"""
MATURE,"""trying to reach 1400, first time. need backseat gamers to guide me through this tough time."""
SAFE,""""""
MATURE,"""Shaco Inter"""
SAFE,"""jabroni legends !!"""
SAFE,"""Deaf Player -LowELOXD/DEMON COIN FLIP Player GM-MASTER | Drops Enabled! | SR OFF! | 0 sound gameplay | !discord | Rankeds | SUBtember!!!!"""
MATURE,"""『IDOL VTUBER』SUBATHON AND CHILL | !subathon !twitter !throne"""
MATURE,"""LIVE FOR 50+ HOURS TIMER GOT RESET BC OF 48 HOUR MARK| SUBATHON/STREAMATHON |  PLEASE RAID ME AND LURK ME <33"""
SAFE,"""Free Shiny Eternatus Pokemon GiveAway ✨ Request any Shiny Pokemon, Eggs & more for free! Complete your Dex ✨ BDSP / SWSH / PLA !guide !prime"""
SAFE,"""CHAMPION BUNDLE GIVEAWAY LATER!  !TWITTER  | !discord !socials"""
MATURE,"""[ENG/FIL] SUBTEMBER | WE MADE IT TO ACT III | Ghost Of Tsushima First Playthrough [28/50] !team !sl !discord"""
SAFE,"""[NEW] looting around with waifu HessaVT🩸Trying new things OvO🩸✨Boo✨!gg !server"""
MATURE,"""[Legend Of Dragoon] Channelling the Timing Gods."""
SAFE,"""SUMMON THE ELECTOR COUNTS"""
MATURE,"""🪀EtheriaaaAAAAAAA 🕹️ !yt/endgame/heroguide/marketplace"""
MATURE,"""Madness, Magical Combos & Hopefully Some Healing Will See Us Through Together... | Casual Tuesday MP w/subs"""
SAFE,"""🌺 ❤️【EAR Massaging】❤️🌺  time relaxing🌺 ❤️"""
MATURE,"""/ᐠ_ ꞈ _ᐟ\ arererererererere !tarot !etsy [EN/CN/JP]"""
MATURE,"""Ironman Clicking Stuff | !ely !ring !ward !log !spoons !moosecord"""
MATURE,"""{18+} Fortnite! Hanging with my Chromies! | !Streamraiders !CDKeys"""
MATURE,"""Jamming seal"""
SAFE,"""Top 50 today or what? | LFT Year 3 | !lft !montage !tiktok | Powered by Sharkgaming |"""
MATURE,"""Couple of keys to end stream <3"""
SAFE,"""WE'RE REALLY GOOD AT FOOTBALL?! | Barcelona and Italy | Glory Hunter S6 | !save !progress"""
SAFE,"""🔵400LP🔵Ye matey pirate week💾!subathon !TNG !YT !discord"""
MATURE,"""Promods TMP it is as they have put £1 to fix the servers | BVAR | !merch |  Trucky Ambassador ||"""
MATURE,"""Just A Taco Wearing A Hot Dog !discord !tiktok {PS4}{18+}"""
MATURE,"""DAY 3 | Mikaela Beat me into sleeping / not ending stream until I am Elden Lord !goals"""
MATURE,"""First Yoga stream. alternative yoga."""
SAFE,"""LADDER 6600+! 27/69 SUB GOAL !streamraiders !subs !pegaxy"""
MATURE,"""Tuesday Tanking  !NEW DROPS NA/EU/ASIA [WoTNA Partnered Community Contributor]"""
SAFE,"""ALL BLACK AIR FORCE ENERGY!!!!!"""
SAFE,"""Road to Lobby legends! (｡^‿^｡) !$Gaara !coin"""
SAFE,"""#Chooseday Getting my dinky-fix 😜 #FamilyFriendly [!rubicon] [!hashtag] [!hug] [!uwu]"""
SAFE,"""suprise! were going to disney land"""
SAFE,"""Midlane, Patch day ranked !patch"""
MATURE,"""ITS ACTUALLY THE END!..? !!BASICALLY UNCAPPED SUBATHON!! | DAY 43 | Full Time Strimmer Who Dis? !love !smelly !boys !beans !subuptime !where"""
SAFE,"""[EN/SG] MFC Open M7: Generational Gapped vs HD BAD | !mfc !youtube !discord"""
SAFE,"""#1 left 4 dead player with LofiSVG  | @Tiittoooo"""
MATURE,"""THICC RACCOON PLAYS WITH TENTACLES | !discord | !twitter | !youtube |"""
MATURE,"""【18+】Isle of THE DRAGON | The Chill Inn !chillinn"""
SAFE,"""FINAL FANTASY FUZEAC IS AMONG US | IM FREE ON TWITTER | !twitter !yt"""
SAFE,"""UIM Tomb raider !mask !fang !masorilegs !ely"""
SAFE,"""Uncapped Sub-A-Thon W/Art Raffle !raffle💜🎭~!social~👌 !shop~👌 !sub"""
MATURE,"""[ENG] new sandbox zoo - what animals should we get? ✿ !discord !etsy"""
SAFE,"""Rio Vermelho"""
SAFE,"""I’m back! Survival with you <3 join up :)"""
SAFE,"""[ENG] What's your worst nightmare!? Let's get Spooky! | !vote #platinumsquad #gravekeeperfam #thepack"""
MATURE,"""playing characters i never play | !newvid !discord"""
SAFE,"""Witchy Farm Time! #PRCopy | !patreon | !kofi | !throne |"""
MATURE,"""[ENG/baby JPN] muse dash? idk I can't decide sorry"""
SAFE,"""26X TREASURE ISLANDS 2.0 UPDATE | All existing items | 1 Billion Bells Turnip | ★ !dodo !villagers !newvillagers !map """
SAFE,"""🍕Question of the day: Have you ever met anyone famous?🍕  !merch !dailies"""
SAFE,"""[EN/ID] hi, its been awhile"""
MATURE,"""!BRACKET Sign Up For Free Cash Tournament! at 3:45pm est"""
MATURE,"""Rank: 22 Doofus (179036) BattleScore: Jojo’s Bizarre Adventure All-Star R- Shib TA NFA DYOR"""
SAFE,"""LOUDEST 10MAN CUSTOMS [OCE/KR]"""
MATURE,"""[PC/UK] 🛑PLAYING WITH VIEWERS🛑 !PP !Discord"""
SAFE,"""🔴ROAD TO PLAT IM SCARED🔴DAY 471🔴LIVE EVERYDAY🔴"""
SAFE,"""dejj | !abyss For FREE ABYSS HELP! and !review for ACCOUNT REVIEWS :3 | !discord !yt !sr"""
SAFE,"""!fridge !god !goddess. Lets have some sleepy fun <3 *LIVE ASMR*"""
MATURE,"""Oh Haai [18+] !dixper !dadjoke"""
SAFE,"""TNS OVERNIGHT: LIVE WEATHER AND NEWS UPDATES"""
SAFE,"""Cooking !padish (chicken with green beans) and overnight oats"""
SAFE,"""LIVE 24/7🌎📶🌐  By  Chele HD"""
MATURE,"""(Short Stream) When I loop, you loop......just like that!  !Subtember !free !subsfx !sfx !socials"""
MATURE,"""✨😜Big Charity PBTF GameON2022😜✨!charity 💕!donate💕$3200-$3500🤞"""
MATURE,"""Warframe ( MR8 ) ( NZ ) Doing The Sacrifice quest. NO SPOILERS!"""
SAFE,"""Together We Shall Wander #KeyProvided  | 👕 !merch | 🎁!stickers"""
SAFE,"""1st Play | What weird things did you use to do as a child? | All Achievements Quest | PS5"""
SAFE,"""Valorant?? | !Repulse"""
MATURE,"""Shenanigans (fortnite or salt 2) later 😈 !salt2 😈 !gdc 😈"""
MATURE,"""💜DAY2 OF GC W/ !TEAM💜| BTW just be yourself 💜 | UK | !discord | !socials | !cam"""
SAFE,"""IT HAS BEEN A WHILE | Slay the Spire (PC)"""
SAFE,"""DENNIS GREGORY=WILD MIXDOWN"""
MATURE,"""Castlevania: Order Of Ecclesia Pt. 5: this castle is pretty SUS (gaming reference) | !maybe !hats"""
MATURE,"""🔞 Scotsman Throws Another Shrimp on the Barbie┃DINKUM┃!dixper"""
MATURE,"""read the tags"""
MATURE,"""🧊Am I Good at multiple games (942/1000) | OCE/AUS | !Socials !Discord !DREAMER !MERCH"""
MATURE,"""Dre | NoPixel WL | GSF"""
SAFE,"""🔥TWITCH DRAMA RECAP 🔥WEEKLY KEYS🔥BETA DUNGEONS 🔥SUBTEMBER - 30% OFF ON SUBS | !shop !podcast !guide !community"""
SAFE,"""to the moon i go! // !youtube !discord <3"""
MATURE,"""I have already spilled coffee on myself and I am streaming"""
SAFE,"""Just catching up with stuff [2022, September 20]"""
SAFE,"""Hellooo :)"""
SAFE,"""Part 3 fourth try.. The permadeath continues. Today is Iron farming day :D"""
SAFE,"""HI HELLO THERE NICE TO MEET U!!! 👀👀"""
MATURE,"""Sling shot sniper elite. #bekindrewind  !tiktok !discord !sr"""
MATURE,"""Give Me God of War NG+ Challenge… hehe, I’m in danger… | Ragnarok Waiting Room | !rules !throne"""
SAFE,"""Positivity, in my league?!✨ !socials"""
SAFE,"""🔳🔲⏹️⏹️ Over 60 builds updated // open party 🔳🔲⏹️⏹️"""
SAFE,"""Vibing after work :) smile :^) :D :o"""
SAFE,"""#tibiantis"""
SAFE,""""""
MATURE,"""PUBG Partner / XBOX Series X / SUBtember!! / Chicken Taco Tuesday🌮 [Drops Enabled]"""
MATURE,"""30th Birthday Stream | MUT Squads 1 sub/500 bits = Beanboozled."""
SAFE,"""New patch DROPS 8 hour !team !youtube !twitter"""
MATURE,"""The jahmo0 Show - gonna smack some robot bois"""
MATURE,"""welcome to nostalgia baiting | Pokémon Red (Day 1)"""
MATURE,"""SMM2 viewer levels !add PLA-YMY-LVL !spicy !scoville - Subs = hot sauce, 5 subs Scorpion strike, 10 subs Steroid Scorpion Strike"""
MATURE,"""Chattin' on a Chewsday | The Orchard | !socials !merch"""
SAFE,"""Who knew that the average cucumber is nine mice wide?! | Ice Starts Lemuria Part 1 |  !char !cp !soc !sch !gopuff #sponsored"""
MATURE,"""🙂Let's go!🙃 Steam games !giveaway"""
SAFE,"""Relaxing Rain Sounds to Fall Asleep"""
SAFE,"""trying out the new fall guys season"""
SAFE,"""trio kel mada"""
SAFE,"""Big Spooks Yo"""
MATURE,"""Watch me bot frag | !discord !socials !lurk"""
SAFE,"""kidsstuff01's mobile stream"""
SAFE,"""NEW YT VID OUT! !yt !twitter !sub !prime"""
SAFE,"""#1 MW2 PLAYER IN CANADA | !tiktok !youtube !controller"""
SAFE,""""""
MATURE,"""[Day 4] Uncapped Subathon!! 4 moving <3 [DogEnVtuber] !goals !tiktok !throne !pronouns"""
MATURE,"""Pushing 🅿️ | Smurf Prince Of Da South | #HoochieDaddys | #SlutGang | #KOCPartner | #P3Gaming"""
MATURE,"""I can't get over Cleon T-T!! ~ 18+ Vtuber"""
MATURE,"""A beautiful story begins...."""
MATURE,"""Reminiscing how we all met each other| !discord"""
SAFE,"""challenger top lane hunting TF Blade good morning lads"""
SAFE,"""MELLOW MONDAY"""
MATURE,"""[GU] Mic testing 123? is internet okay today? | !discord !8Ball !latest"""
SAFE,"""MOST TURNT STREAM ON TWITCH *Playing with Viewers*| !discord !newvid !youtube !socials"""
SAFE,"""This Man's Sky - Permadeath | How to get a good free freighter | 🌮 Taco Tuesday! 🌮 | Let's do this! Subtember =) | #AverageArmy !commands"""
MATURE,"""Big Bag O' Decks! Everyone's Welcome!"""
MATURE,"""NEW SEASON, MORE FAILS!✨ Playing with viewers!!✨!Poopy !cat ✨Come chill and hang out! Good vibes only!"""
SAFE,"""🔴[NEW DROPS] 1390+ Bard Main | Reset Tomorrow | Finishing up the weekly stuffs | [ENG] #97"""
MATURE,"""[AUS/18+] Twitch didn't like my creative title :( | DBD | !commands !vibe !socials !sr !pp"""
MATURE,"""I'm moving in less than 3 weeks! Oh boy"""
SAFE,"""[UK/PH] happy tuesday friends ♡ let's get some dubs today! | !socials !discord !rank"""
MATURE,"""Will Crypto find its way? !giveaway"""
SAFE,"""Any% Speedruns for 51/WR !discord ☕☕"""
SAFE,"""Pokémon Trades: XY, ORAS, SM, USUM WT & GTS | SWSH, BDSP, PLA Link Trades"""
SAFE,"""FIRST STREAM (cats incl.) !socials"""
SAFE,"""Potato Brain With Potato Aim"""
MATURE,"""[18+] Oh no a stream during the day?"""
MATURE,"""PC / PvP / PvE"""
SAFE,"""Beating Pocky and Rocky?"""
MATURE,"""Hobbz-a-Thon DAY 7!!! || !GOAL | !BEYOND | !MAID || 18+ MATURE"""
MATURE,"""[18+] Can't park there mate"""
MATURE,"""[AUS] INTO THE CAVES! - Finishing this story !"""
MATURE,"""The Rum Tum Tugger Is a Curious Cat!"""
MATURE,"""oliver and co without the co? | first playthrough - no spoilers!"""
SAFE,"""The Teeniest Turtle - Watercolour Painting - !shop !socials !patreon"""
MATURE,"""I WILL find the SECRET giant golden mole monster"""
MATURE,"""(+18 EN, commissions open) farming in sandrock!"""
SAFE,"""(18+) uwu mommy Roxy"""
SAFE,"""yoooooooo felt bad yday but we good today"""
MATURE,"""Tuesday Hardcore with Soulabyss73 and Kaisu. We will keep her straight or something like that."""
MATURE,"""FALL GUYS WITH THE LEGENDS!!!"""
SAFE,"""Back From Rev Major"""
MATURE,"""Magic Find & Chill | Join the fam on !DISCORD"""
MATURE,"""Happy Tuesday! ESO and Coffee Time. Dailies. Questing. Shenanigans."""
SAFE,"""⚠️SELLING MY SOUL FOR 11 QUID⚠️FWB SMP⚠️Vanilla Multiplayer Survival⚠️ !shop"""
MATURE,"""Good morning beautiful people | 5 gifted subs would make my day 🥰 | Chill vibes 18+"""
SAFE,"""RECLAIMING MY TITLE! 70 STAR BOP PROJECT! !yt !merch"""
MATURE,"""✨ METAL HELLSINGER COMPLETE ON BEAST MODE! YEAAAAH  | Now what do I play.. | 📺 !NewVideo | 🗒️ !Tip"""
MATURE,"""anima but cosy ♡ !bitswar !kofi !youtube"""
MATURE,"""Crossing some Obelisks!  Going full ranger danger!"""
MATURE,"""6 foot 2 & 1/2 mid gamer \\ !discord"""
SAFE,"""TPlotto.com"""
SAFE,"""mrtv"""
SAFE,"""!YOUTUBE | solo"""
SAFE,"""Star Road | Green Comet"""
SAFE,"""Grinding Unite wowow | Wasted Potential | !wp"""
SAFE,""""""
MATURE,"""💫 Good Morning NA :3 💫 Relaxing non-club chill house <3 💫 Crystal - Malboro - Shiro - Ward 2 - X: 10.2 Y: 7.6 💫"""
MATURE,"""Venturing into The Backrooms with friends! ∣ !yootoob !sub !cheer ∣ #ThePackCommunity"""
SAFE,"""MasterClass by SFEIR School - PWA - Explorons les stratégies de caches"""
MATURE,"""[StreamRaiders] HEYY"""
MATURE,"""PARTY ROCK IS IN THE HOUSE TONIIIIGHT EVERYBODY LETS HAVE A GOOD TIME WE GONNA MAKE YOU LOSE YOUR MIIIN [art n chat stream] | !socials !kofi"""
SAFE,"""Hypixel Bedwars but I Display an Unreal Amount of Skill| !discord !rules !death"""
SAFE,"""Thickest Mustache in Warzone👨👀🤣  | 18+ | The Stachio | #TeamB42 | #DBU | #mocGtv ✨🍀✨🙃"""
SAFE,"""New to the LOTR franchise"""
SAFE,""""""
MATURE,"""[AUS|18+] Helo?? lets chill and keep it short today ya"""
MATURE,"""continuing my neon domination !socials !discord !newvid"""
SAFE,"""(NL/EN) Its been more as a year since I first streamed, and my return for now! (day86)"""
MATURE,"""Juno enjoyer | VALO grind later :3 🛏️ !discord !exitlag !goal !7tv !bttv"""
SAFE,""""""
SAFE,"""ミラノ🇮🇹なう"""
SAFE,"""Poo12snd Runs SOLOS | 6.2KD 50K+ Kills | !discord | !swagg | !socials | Anime is dog water"""
MATURE,"""Good Morning Metalwaves presents the WORLD PREMIER of Distant Reality's new EP - ORIGIN! Releases Wed on Bandcamp and Fri for streaming!"""
MATURE,"""IM ADDICTED !SKYRIMMODS | !socials"""
MATURE,"""Coffee and Cleavage on a Tuesday with ZERO idea what game to play.  | !pug !discord !dixper"""
SAFE,"""[ENG/BE]PS5✨Beta Gameplay✨SUBtember 20% Off Subs✨Cozy&Chill Vibes💝Affilate with OWN3D.TV✨"""
SAFE,"""Weekly Tomes. 👨‍🌾"""
MATURE,"""MODEL REVEAL!!! THANK YOU GUYS FOR THE 300 FOLLOWERS I LOVE YOU ALL!!!!"""
MATURE,"""[ENG/FIL] Variety muna tayo :D"""
SAFE,"""Comfy chat and idk"""
MATURE,"""[SG/EN] what does zero wants me to talk abt | !socials !prime"""
SAFE,"""[ENG] We go agen! !discord !commgames"""
SAFE,"""epic Testament gaming, maybe im back idk (No mic) | !discord"""
SAFE,"""We're trying out the cam today !discord"""
SAFE,"""!coaching Best Value For Money Coach In The World Plays TFT"""
MATURE,"""Chilling Ranked Duels to Reach Legend Rank (Maybe) - New Decks and PVP Duels with Chat!"""
SAFE,"""PVPGYM road to #1 w/ clicksounds"""
SAFE,"""🐰 Come join TeamNoSleep 🐰  Subtember on Twitch 🐰 Subscribe for Multi Months & Save $ 🐰  Hangout with PuppyCat 🐰"""
MATURE,"""Monhan open lobby | !code | !subtember"""
SAFE,"""Morning Coffee! // !Stride !Tip !Bits !Commix !YouTube // !Coffee !Pipeline !Merch !JUJU"""
MATURE,"""Aim training !hug !pretty !glytch"""
SAFE,""""""
SAFE,"""grinding for challenger in OMEGA STRIKERS >///<"""
MATURE,"""Drink coffee, do good & get things done! !discord !tiktok !teams !community"""
MATURE,"""TUNESDAY with the Global Funk Fam"""
MATURE,"""[18+] [ENG] Prawn suit achieved, but... now what o: Pt.6 (?)"""
MATURE,"""Stoner lets play Fortnite New season grind zero builds with smoke sesh, come chill chat and vibe with me//FULLTIMEGRIND"""
MATURE,"""[EN/MY] ... Aint nobody got time to aim ... !comms"""
SAFE,"""c вебкой(пока айфон не сядет), бОЛЕЮ! все будет ребят,но не сразу. (2.5k+games on morph, 1.5k+naga)"""
MATURE,"""[gRg] XSX - Horizon Racing Academy - can it be done on a Wheel?"""
SAFE,"""🚀 Parallax 2.0 | First Career | Duna Mission Soon?"""
SAFE,"""FIRST DAY OUT TWITCH JAIL... COLLEGE DROPOUT'S FIRST EVER UNCAPPED SUBATHON *DAY 16* // !GOALS !DISCORD !SOCIALS"""
MATURE,"""Welcome To DEVILS BAR | Marbles with viewers | Come chill and PARTY. |(🎵 SoundAlerts )|( !lurk )."""
MATURE,"""wawawiwa"""
SAFE,"""— ｡･✦ living my best disney princess life 🦄✨ ꒰ !socials !discord !webtoon ꒱"""
MATURE,"""i like streaming, it is very fun"""
SAFE,"""Trouble in Duo Town - in Plat Hell"""
SAFE,"""We're back on track.  I hope. | !discord | !twitter | 25 bits TTS"""
SAFE,"""i can't pivot on phob, but can on oem"""
SAFE,""""""
SAFE,"""Eliza ""Red Belly"" Beck | Newday RP NDRP | Gang Gang Life | You need to apologize!"""
SAFE,"""500 FOLLOWER CELEBRATION with two fish in one tank!"""
SAFE,"""swollen gum and ulcer on left cheek, OKU for a day | !collab !list !command !waducat | #10"""
MATURE,"""[SG/EN] no angy | !commands !tiktok !discord"""
SAFE,"""hi come and chill with me (please) ✿ !socials"""
MATURE,"""TACTICAL TUE | GET BACK IN THE FRONTLINE | CAT FACE | +18 |"""
MATURE,"""Just Chilling | Come hang out as we run around Tamriel!"""
SAFE,"""🤫 ɦօɮɮɨȶ ɮʊʀɢʟǟʀ ɨռ 🏯 𝐇𝐞𝐥𝐦'𝐬 𝐃𝐞𝐞𝐩 🍂 ຖēຟ ¢hคຖຖēl คrt 🦔"""
MATURE,"""Miffy's choice!!"""
SAFE,"""JUST RELEASED!"""
MATURE,"""Raid Helps I Warmind Cells Need A Buff I !newvideo !discord !fashion TTS100"""
MATURE,"""MORE gamer hours lost sectors? sick"""
MATURE,"""You Like Chaos? Then Get In Here RN pls... | !discord"""
MATURE,"""Robyn Duckworth: Man Killer | WildRP | !socials !FG !discord  | #femmegaming #blackgirlgamers"""
SAFE,"""📚 Infinite Underground Library | !aft !kofi !patreon"""
SAFE,"""The talking donkey is streaming World of Warships!"""
MATURE,"""LFM: Does anyone have some left over pace? 🏁 // 🟡 !GRZ Button Box - Coming Soon // !TYSL"""
MATURE,"""Fixing Sleeping Pattern Challenge (IMPOSSIBLE)"""
SAFE,"""Ranked Warrior | 👽 FORMER TOP 10 👽 | 😈 !coaching 😈"""
SAFE,"""09202115 SA vs NZ"""
MATURE,"""PKMN LFG EEVEE *First Playthrough* Dailys PKMN UNITE/SPLATOON"""
MATURE,"""Morning maize time  let’s go +18  dont forget the subs and bitties road to 500"""
MATURE,"""⊹♡ good vibes ♡⊹┋!wishlist┋ !tti !oodie !treat !kofi  ฅ^•ﻌ•^ฅ"""
SAFE,"""valorant then some rp later!! new stream set up !legacyrp"""
SAFE,"""[srb] Opet ova igrica. Ucim da igram"""
MATURE,"""[Witty Title]"""
MATURE,"""Oh whats that? YOU NEED SOME VIBES!?!?! COME HERE | !gxo !gfuel !socials | GFUEL CODE 10% OFF ""MOOSEY"""""
MATURE,"""Niiiiiiiioooooohhhhh | !discord"""
MATURE,"""ASMR Most 👅Tingly  Sounds for Sleep"""
MATURE,"""3 Days till DEBUT !discord !lurk !socials | !debut !Live2D"""
MATURE,"""GOOD LUCK MIKE Day 20 STREAM DON'T END TIL SEPT. ENDS  | !sept !tts !twitter !yt !donate  | #85South |"""
SAFE,"""GAME OVER ;) (+18) !donate | !insta | !discord [Persian]"""
MATURE,"""When everything is in color, its better right? :D <3|| 🐾[VTuber][Furry][18+] !Discord !Twitter !Commands"""
SAFE,"""TEAM-UP TUESDAY things!! - You Suck at Parking!"""
MATURE,"""[CC, AUS, 18+] Witching hours~ !pronouns"""
SAFE,"""[Yggdrasil] Brimstone Sands Prep! !"""
MATURE,"""Disney By Dreamlight || !sounds !pronouns"""
SAFE,"""✧ 1400+ ticket hunt for every villager! (25 left!) ✧ !music !hunt"""
SAFE,"""We play and we'll see what happens, no expectations. | ""Educational"" main tank gameplay, 4695 peak"""
SAFE,"""2k23 COMP STAGE  | !sub"""
MATURE,"""Road to P100 Leon !Join !Discord"""
MATURE,"""#GoldSeptember | Fundraising for Children's Cancer Research Fund | !charity [nosrl]"""
MATURE,"""FREE ABYSS FOR YOU <3 LET ME HELP!! #yelan #abyss #join #list"""
SAFE,"""คิดถึงกันบ้างไหม !subtember #DW"""
MATURE,"""I have a day off work. Let's do some Star Warsing!"""
SAFE,"""ONLY THE BEST! Ranking and Online Tournament!"""
SAFE,"""OOT 100% Speedruns"""
MATURE,"""Making Friends in Potion Permit | Day 3 | Steam | !yt | !fd"""
SAFE,"""WOTLK like you mean it - Panic and Desperation"""
MATURE,"""[ENG/MY] Sussy Genshin and League time #SUBtember !raidreq !gasm !suspraise !dono !subathonr !primo"""
MATURE,"""{PC|18+ENG} Started From The Bottom AAnd Where Still There LUL LUL !wraith|!dixper|!Merch|!Throne|!LRP| #SWF"""
SAFE,"""Henlo there vi-UWU-er  ~ UwU ~"""
SAFE,"""Being Lazy is just  too Ez  !bits !yt !insta !poq !poker"""
SAFE,"""Old Head Sniper (XBOX/NA)"""
MATURE,"""💜 Creative cuz I Give Up 🤣💜"""
SAFE,"""Chilling come join"""
MATURE,"""🎈 BIG VIBES 🎈"""
MATURE,"""Darkness Falls - Episode Ten"""
MATURE,"""🐼Anyone say Deep Dive?🦁| !dixper | !ytclip | !subtember🐶🐶"""
SAFE,"""Celebrating good times, come on!"""
MATURE,"""Meowio in the Morning"""
SAFE,"""SUBTEMBER 12x12 Hour Streams + Bonus 48H"""
SAFE,""""""
MATURE,"""Sammy Snake BSK Shotcaller - NoPixel WL"""
MATURE,"""Your looking fire on a Tuesday  | SUB-TEMBER !!| We play Variety Games  || Helping New, Returning, Used Players || !discord !kriket !unsure"""
MATURE,"""Chill [18+] ASMR/Low Voice day (I'm sick T.T) High Priestess Card @BajaWolf [Eng] !Discord !Socials"""
MATURE,"""Okay BACKGROUNDS!"""
MATURE,"""Rocket League Stream! - Bad mental health day, running games with friends!"""
SAFE,"""🌙 I PLAY WITH TABLET UPSIDE DOWN IM SO COOL | sfa ~ ૮ ˶ᵔ ᵕ ᵔ˶ ა"""
MATURE,"""[ENG/FIL][FactorySMP] First Day in Up & Under | Road to 700 | !discord !comms"""
MATURE,"""🌪You’re weird and old and you kidnap princesses.🌪 !bob !throne !username !subtember"""
MATURE,"""IT'S THE MOST WONDERFUL TIME OF YEAR-- SUB GOAL - 210/300 -"""
SAFE,"""Apex time, we lit maybe"""
MATURE,"""New (old) Game"""
MATURE,"""Wei over our heads"""
MATURE,"""Short update stream - brain games - chatting - and chilling - !ss soggeeSectional - !SR  - Exhausted"""
SAFE,"""Betfair Trading at T.me/JuiceTrades | Live Stream 24/7 | JuiceStorm.com/Live"""
SAFE,"""CAS TUESDAY - Let's raid my Legacy Save!"""
SAFE,"""Emo Tuesday"""
MATURE,"""🔥Brand Warm BonusBuys! 🔥 Check our new deals at !hp | !language !balance !disc !latest | 18+"""
MATURE,"""Iron Trials, low kill losses! top 20 Caldera wins. 50%+ winrate"""
MATURE,"""🍂𝐕𝐓𝐔𝐁𝐄𝐑🍂Ranked/Supp☕"""
SAFE,"""[한/eng] Korean Class >_<"""
MATURE,"""WE BACK BABY (42)"""
SAFE,"""Digging with CaveMan..Master Duels. JOIN US"""
MATURE,"""Grinding on North & East | [Doodle Redeem Closed]"""
SAFE,"""adreh | 😇 [Chall] no more angwy. only hapy.😇 (✿◠‿◠) |  !discord !playlist"""
MATURE,"""(UK/PC) - Solo queue siege - Then finishing the 7 games 7 wins placements at 19:00 BST !newvideo"""
SAFE,"""Time to inquisitively inquire into the Inquisition, Inquisitor. !conflux !patreon"""
SAFE,"""Best HSP eating Kazuya"""
SAFE,"""Citadel Boy! - Full Playthrough (Stubbler 162/418)"""
MATURE,"""(AUS) !dixper  We Bringing Back Dixper, Come Mess With Me! !band"""
SAFE,"""ranked vibing"""
MATURE,"""HCL ~ 98 druid baals til 99"""
SAFE,"""Can we make master promos today? Flex later :) | Come in for good vibes <3 !sr !discord"""
MATURE,"""SoloQ -> 5s Gaming | Subtember? PauseChamp !youtube !discord"""
MATURE,"""(18+) Killin N Chillin #intothefog"""
SAFE,""""""
MATURE,"""Checking out the new GGD update!!|18+||  !Dixper ||"""
SAFE,"""I Reject Your Frog! D: !tiktok !discord"""
MATURE,"""[18+] lil hunt o monsters [18+] !discord"""
SAFE,"""Final Fantasy Marathon: FF8!"""
SAFE,""""""
SAFE,"""Whatever excites you, go do it!｜Hit the switch, watch it bounce like a Scott Storch beat ｜Val"""
SAFE,"""Our animals love to raid and be raided... <3 !joy !clan !lurk"""
SAFE,"""🖋️🎨 Inkmo has been inked! First Tattoo - reveal 👀🐝"""
MATURE,"""!abyuessday Abysses are meant to be cleared"""
